0,0,0,0,1/1/2000,default,Small
1,145,4,6,4/9/2015,rtal,Small
2,351,9,11,12/8/2009,vyva,Medium
3,751,2,16,5/27/2006,aeok,Medium
4,794,2,19,1/23/2014,xwoi,Small
5,292,6,1,2/28/2016,siki,Large
6,399,1,8,3/26/2013,rtgc,Large
7,266,5,4,1/14/2013,sidg,Small
8,58,1,9,6/8/2014,jxdl,Medium
9,272,6,10,9/2/2012,hdwh,Medium
10,636,2,7,7/17/2008,jkmp,Small
11,689,1,19,2/26/2016,jaqh,Large
12,346,6,1,5/1/2013,wqmg,Small
13,315,5,12,3/30/2008,ralj,Medium
14,83,6,4,12/1/2008,qcve,Small
15,126,1,15,3/26/2016,cdwu,Large
16,242,7,9,2/26/2008,ywbd,Small
17,716,7,13,6/9/2007,hrpu,Small
18,148,2,9,3/4/2007,uexw,Small
19,346,3,5,2/3/2018,uahk,Small
20,715,8,4,7/23/2012,kalb,Medium
21,578,7,1,5/2/2005,ethr,Large
22,385,2,5,10/25/2014,gpcp,Medium
23,445,3,1,2/16/2012,outt,Large
24,775,4,16,4/4/2014,ilcr,Large
25,476,8,1,2/11/2014,wvmq,Small
26,725,7,14,3/28/2017,xvvr,Medium
27,660,6,18,8/11/2006,gila,Large
28,920,5,2,6/26/2018,wfjy,Large
29,171,3,3,2/21/2006,kmgg,Medium
30,879,9,18,1/22/2018,ciys,Medium
31,125,7,9,4/14/2018,xpxj,Medium
32,781,5,17,5/8/2017,smxz,Small
33,368,2,12,4/3/2017,hqdj,Large
34,646,9,2,2/24/2011,fesu,Medium
35,412,2,14,12/20/2009,rpkx,Large
36,494,4,6,8/5/2007,twmq,Medium
37,373,4,17,11/11/2013,efip,Large
38,500,9,11,2/8/2014,yppm,Large
39,325,8,8,3/30/2010,qdbb,Small
40,755,3,18,8/27/2009,hqnc,Large
41,469,7,2,1/22/2017,hyhh,Large
42,372,4,2,8/13/2015,xvjw,Large
43,723,3,14,5/22/2013,pbba,Medium
44,713,8,15,9/13/2007,xkyu,Small
45,509,1,13,6/12/2010,iaco,Medium
46,188,9,13,2/15/2016,pzne,Small
47,834,9,3,5/5/2010,ybig,Medium
48,136,7,10,2/3/2010,oqnf,Medium
49,296,9,12,3/1/2017,acha,Medium
50,850,7,12,12/5/2017,ljag,Medium
51,494,4,13,8/8/2016,zdsa,Medium
52,442,8,15,2/9/2009,xscn,Large
53,860,3,2,5/15/2013,gkgo,Large
54,212,7,14,1/28/2018,egtf,Small
55,434,2,15,10/26/2012,axxo,Medium
56,455,6,1,1/21/2012,twmo,Large
57,258,8,14,12/9/2018,ddxt,Small
58,127,5,6,8/14/2016,ouhe,Medium
59,930,3,6,1/15/2008,ltpt,Large
60,944,2,14,12/10/2009,wcri,Medium
61,406,9,16,3/6/2008,wpcf,Medium
62,649,4,15,10/5/2010,qhdn,Large
63,540,3,7,12/1/2013,oeox,Small
64,491,9,1,10/28/2014,ckhg,Large
65,564,6,1,12/22/2017,lbhw,Small
66,293,2,4,7/1/2008,ahxo,Medium
67,402,3,3,7/30/2008,tgad,Medium
68,966,3,10,3/14/2011,eyve,Small
69,755,7,6,7/15/2016,ydwc,Small
70,926,8,3,6/3/2014,kzbv,Small
71,454,2,17,6/7/2013,rndk,Small
72,203,8,10,10/7/2010,kmqf,Large
73,663,8,13,1/11/2015,hkby,Large
74,698,6,8,2/15/2007,lvmz,Large
75,12,1,18,7/24/2009,lbty,Large
76,153,6,19,5/23/2005,hxqi,Small
77,29,5,3,9/21/2012,ptya,Large
78,127,4,5,2/20/2016,vfys,Small
79,923,4,12,3/25/2006,mzkq,Medium
80,358,6,15,4/5/2014,uoiz,Small
81,676,2,14,7/7/2012,qjvi,Medium
82,960,8,10,8/13/2010,ggzy,Medium
83,91,7,16,4/4/2012,lgfh,Large
84,845,5,13,5/14/2015,qumm,Medium
85,3,3,7,10/5/2011,pcly,Small
86,378,5,13,7/3/2005,iect,Small
87,282,5,15,11/1/2017,hmnl,Medium
88,606,2,10,8/26/2010,fona,Medium
89,338,3,3,10/15/2011,ikqs,Large
90,724,2,12,2/2/2005,udaz,Large
91,246,1,6,2/6/2012,symp,Medium
92,587,9,13,4/23/2012,qiwd,Small
93,766,2,14,1/7/2007,dyqd,Medium
94,879,3,16,3/21/2005,izut,Large
95,317,5,1,1/8/2006,derj,Small
96,795,1,3,6/15/2010,bipc,Large
97,677,6,11,12/15/2011,bhxv,Small
98,766,9,8,2/21/2013,lsxq,Large
99,196,3,17,6/9/2017,rbqv,Medium
100,441,9,4,5/12/2015,syjk,Small
101,601,8,18,7/24/2008,ishl,Large
102,265,3,8,9/3/2008,kxru,Small
103,526,2,13,8/1/2008,dorc,Medium
104,372,2,10,6/6/2017,tizg,Small
105,888,6,11,2/25/2006,nuok,Small
106,269,7,11,2/10/2018,unjq,Small
107,872,3,5,2/22/2017,wtnf,Large
108,861,3,1,5/23/2017,uqpa,Medium
109,767,6,7,5/3/2014,hybr,Large
110,659,9,10,10/1/2016,thxj,Medium
111,564,4,13,10/15/2018,fetv,Small
112,987,1,6,1/28/2011,ctst,Large
113,814,3,11,4/10/2006,uvzd,Medium
114,285,7,13,12/16/2015,enxn,Large
115,789,1,5,1/20/2006,nevw,Small
116,122,6,3,2/19/2007,mqpr,Large
117,719,8,2,3/4/2011,tdqw,Small
118,555,7,9,2/14/2015,svxc,Small
119,742,7,5,11/18/2010,xlfy,Small
120,838,2,7,1/9/2007,pfhd,Small
121,40,6,18,2/18/2018,nsmk,Large
122,959,3,6,3/11/2009,haja,Large
123,254,8,5,2/12/2012,wkmi,Small
124,100,2,18,6/19/2010,zbyn,Large
125,436,7,16,10/13/2015,ezir,Large
126,739,5,12,7/8/2009,qstr,Large
127,271,8,18,5/19/2013,mczc,Small
128,604,8,16,3/25/2011,uodl,Small
129,830,8,10,6/13/2017,wsew,Medium
130,340,9,15,1/7/2008,ccat,Small
131,623,7,11,11/12/2010,hepv,Medium
132,231,8,12,12/1/2013,vgpu,Small
133,337,2,5,12/30/2016,ufke,Small
134,528,7,12,3/24/2007,hpjd,Small
135,170,8,12,8/3/2018,ydcz,Large
136,191,4,19,7/16/2007,lxle,Medium
137,836,4,10,9/16/2018,kzrl,Medium
138,697,5,7,12/14/2006,fpbs,Medium
139,510,9,18,8/14/2013,szfx,Large
140,767,4,8,7/24/2016,csmn,Medium
141,832,7,8,12/21/2009,ypje,Large
142,396,4,12,12/13/2011,fryl,Small
143,865,9,2,1/6/2014,pzcm,Large
144,31,8,8,4/11/2012,xehy,Large
145,18,1,17,12/12/2013,tvet,Medium
146,307,6,7,12/26/2015,rfiv,Medium
147,603,9,17,5/24/2017,hgbs,Medium
148,697,8,18,1/12/2010,mzdb,Large
149,689,4,10,1/2/2011,loyo,Medium
150,670,8,16,5/25/2016,abry,Large
151,933,2,10,11/21/2017,aoub,Small
152,375,7,4,6/7/2010,fngn,Medium
153,501,8,9,4/9/2011,ddxv,Small
154,741,9,12,9/16/2009,jfgb,Medium
155,618,4,6,8/5/2015,sqlr,Large
156,670,1,4,2/7/2009,hyzd,Medium
157,698,1,2,9/10/2005,hapa,Large
158,681,1,10,11/6/2010,ftyu,Large
159,310,5,7,3/19/2013,xucz,Small
160,207,8,19,9/12/2010,ublr,Small
161,973,6,17,5/22/2012,eyqq,Small
162,779,3,10,10/16/2017,teid,Small
163,146,9,2,1/4/2010,qpkw,Small
164,935,2,18,7/20/2006,donp,Large
165,268,8,10,3/27/2007,cjky,Medium
166,671,2,19,1/23/2014,dkpd,Small
167,730,3,6,8/5/2013,yxig,Medium
168,504,7,12,5/26/2018,agmb,Small
169,982,7,6,11/21/2014,dxvr,Large
170,572,3,15,3/8/2012,xocm,Medium
171,36,2,19,6/5/2012,hxep,Large
172,399,4,13,8/10/2013,jxed,Small
173,228,2,19,8/7/2014,elot,Medium
174,192,6,17,7/13/2009,iljh,Small
175,879,3,5,4/6/2010,gvef,Medium
176,799,6,6,8/25/2016,xkpe,Medium
177,583,7,9,6/12/2009,yqcg,Large
178,883,1,7,7/5/2014,twnj,Medium
179,806,3,16,5/13/2010,pzhj,Small
180,160,5,16,1/22/2008,kozl,Small
181,343,5,19,7/3/2014,ajke,Large
182,419,3,17,3/6/2017,boha,Medium
183,882,1,1,2/5/2011,lwny,Small
184,536,3,11,3/1/2009,weyo,Large
185,890,2,17,2/20/2017,ufmp,Small
186,444,9,3,3/27/2007,xzho,Medium
187,27,6,11,12/16/2015,wftc,Small
188,401,9,18,8/25/2008,svyd,Small
189,892,5,10,4/9/2005,ulau,Medium
190,79,3,11,11/9/2017,mhkh,Large
191,618,5,11,3/2/2012,nxsq,Large
192,673,3,17,5/15/2005,ptil,Small
193,256,7,11,8/21/2006,abfd,Small
194,483,3,2,2/16/2018,jnmc,Medium
195,530,3,3,2/7/2012,godg,Medium
196,272,5,16,1/3/2008,dwdq,Small
197,430,6,17,4/15/2016,xrdm,Large
198,98,8,17,4/11/2008,tvbl,Large
199,407,9,16,7/30/2008,lggf,Medium
200,902,6,1,12/19/2005,geem,Small
201,996,1,11,9/18/2018,foyv,Medium
202,868,4,12,2/6/2011,jvof,Medium
203,451,5,11,12/9/2011,zthj,Large
204,816,1,9,8/1/2013,fzwf,Small
205,379,2,18,4/13/2013,bfyv,Small
206,772,3,12,1/20/2015,erav,Large
207,35,1,3,9/24/2017,ufbd,Small
208,596,2,11,2/16/2014,cfij,Medium
209,60,6,8,7/5/2012,ejhs,Small
210,522,8,2,5/11/2010,omze,Medium
211,320,5,9,8/25/2015,mixa,Small
212,824,9,14,2/20/2006,uuso,Medium
213,597,4,13,7/21/2018,yqjr,Medium
214,888,6,18,4/25/2006,vavw,Small
215,632,2,8,6/13/2007,lfls,Medium
216,783,5,5,5/25/2010,glsi,Medium
217,196,2,18,8/17/2005,isxc,Small
218,998,4,1,4/19/2005,fgdb,Medium
219,725,3,2,4/28/2015,ydhb,Small
220,909,6,7,2/10/2006,vzst,Small
221,539,6,2,4/13/2016,lpmp,Medium
222,944,3,16,5/14/2008,oyuh,Large
223,188,4,14,3/19/2010,jjhm,Medium
224,295,2,19,2/12/2007,zeid,Large
225,517,6,12,3/29/2005,evkg,Small
226,162,2,16,11/17/2006,nfnk,Medium
227,767,8,19,6/2/2009,zhbe,Small
228,436,9,5,9/14/2008,mprs,Small
229,259,9,19,1/27/2005,vlcp,Small
230,499,7,17,11/28/2005,sghb,Medium
231,31,9,5,6/3/2015,qzet,Small
232,17,9,17,6/22/2008,aeoc,Large
233,156,1,9,2/23/2007,jrjo,Large
234,952,4,14,6/8/2014,kndc,Large
235,822,8,1,10/7/2009,gjqp,Medium
236,426,9,16,9/2/2008,frjc,Large
237,746,4,11,3/28/2012,gstq,Small
238,959,9,3,12/12/2006,bgkg,Large
239,153,3,7,11/23/2008,lhlj,Small
240,870,3,19,12/23/2008,wnve,Large
241,711,8,14,11/26/2008,hhnn,Small
242,894,6,2,6/11/2014,dxfe,Medium
243,166,2,12,11/8/2006,bhen,Medium
244,339,3,4,6/20/2011,btrx,Small
245,380,5,2,3/30/2014,ufdc,Small
246,773,8,17,6/8/2007,xqyf,Medium
247,292,8,13,5/1/2005,aeyn,Small
248,38,1,6,8/13/2014,jfmi,Medium
249,34,7,14,6/20/2005,ljql,Small
250,265,7,7,12/13/2007,yhbe,Large
251,38,9,8,12/23/2009,jxss,Small
252,37,5,3,5/15/2011,hkiu,Large
253,791,8,16,12/14/2012,gzcr,Large
254,62,7,17,7/1/2014,samp,Medium
255,287,2,3,8/22/2012,lrpn,Medium
256,347,9,10,5/11/2007,cpvx,Small
257,711,7,2,9/9/2016,hmvb,Small
258,538,9,5,7/28/2015,sdve,Medium
259,986,8,8,2/12/2015,oyxh,Small
260,183,4,18,12/10/2017,vroj,Large
261,782,2,3,12/24/2015,ykul,Medium
262,201,9,7,1/13/2018,ktoi,Small
263,213,8,2,12/18/2008,jpmy,Large
264,120,5,3,10/28/2017,luvq,Small
265,529,3,11,7/14/2016,xlxx,Small
266,202,9,5,9/5/2013,ivud,Medium
267,530,8,11,2/19/2005,ljsp,Large
268,178,9,3,11/12/2013,qszp,Large
269,5,9,9,12/3/2009,prch,Small
270,971,3,8,4/19/2009,ueeo,Medium
271,421,1,14,11/19/2016,osee,Large
272,982,4,19,10/26/2009,jcgh,Large
273,931,4,16,7/3/2006,wfsm,Large
274,119,9,1,12/18/2007,uhjt,Medium
275,529,6,5,2/1/2014,gazd,Small
276,361,8,14,4/19/2014,uryx,Large
277,558,1,11,6/26/2009,esec,Large
278,20,4,10,6/29/2006,tpul,Large
279,306,2,10,6/17/2009,jnwm,Large
280,696,1,1,9/3/2015,dnrr,Large
281,961,1,9,3/25/2018,imxn,Large
282,727,4,11,9/19/2007,ynne,Large
283,39,4,8,12/16/2014,fzcw,Small
284,675,9,7,12/21/2018,pwki,Medium
285,312,3,17,7/27/2010,ltqd,Small
286,454,2,5,5/7/2005,cauu,Large
287,34,7,7,3/12/2015,ivsy,Large
288,426,4,10,12/15/2015,bxqp,Medium
289,241,4,10,3/17/2012,eufe,Small
290,552,1,3,8/4/2017,ddmf,Large
291,597,1,8,1/3/2017,ljek,Small
292,256,7,5,12/10/2008,aorq,Medium
293,454,5,6,12/22/2013,wlkc,Medium
294,120,7,13,2/24/2005,gqkb,Small
295,736,7,13,1/4/2009,plmg,Small
296,830,4,4,8/16/2016,elri,Medium
297,692,4,14,9/26/2009,rhit,Medium
298,977,5,2,9/9/2012,omvq,Small
299,781,6,5,10/2/2014,roxh,Small
300,934,7,2,6/30/2010,bvae,Small
301,756,9,17,5/5/2009,buge,Medium
302,859,8,5,11/28/2011,oerk,Medium
303,68,8,11,5/29/2014,uqky,Large
304,231,4,5,9/10/2016,kuja,Medium
305,407,1,8,12/13/2015,jmvy,Large
306,526,6,2,2/17/2018,vewq,Large
307,17,8,12,4/15/2005,blpj,Medium
308,794,2,6,11/16/2009,rbrq,Large
309,241,7,18,10/8/2013,jjhq,Large
310,404,5,4,1/20/2014,qtwq,Medium
311,555,5,7,7/18/2012,xbxr,Large
312,107,3,6,5/4/2008,njbt,Medium
313,326,6,18,1/17/2013,cpdc,Large
314,182,9,15,12/6/2010,focn,Small
315,475,4,13,8/12/2015,kiqy,Large
316,825,1,10,3/17/2013,zqlg,Large
317,192,5,1,5/19/2010,ndxx,Small
318,158,4,16,6/20/2018,zdph,Small
319,138,2,6,9/23/2009,ofyl,Medium
320,24,7,12,12/18/2016,nyzo,Large
321,653,3,13,4/27/2007,mnpg,Large
322,750,8,1,12/30/2012,rdnw,Large
323,729,7,4,11/26/2011,kqrd,Small
324,895,7,2,11/30/2017,cwct,Small
325,720,1,4,7/1/2016,ezql,Small
326,803,6,16,12/19/2011,seff,Large
327,931,1,11,3/24/2015,okvr,Small
328,520,2,19,11/15/2011,atya,Small
329,199,2,10,2/10/2016,eoja,Small
330,429,1,14,8/12/2011,qcof,Small
331,877,9,17,3/6/2006,hftj,Large
332,154,7,14,2/2/2014,ggjp,Small
333,704,5,13,2/2/2017,bwpz,Small
334,803,5,8,3/24/2018,kiad,Large
335,315,9,18,5/22/2013,uvme,Large
336,246,3,16,10/1/2013,xhwn,Medium
337,775,5,17,8/12/2017,vfpl,Small
338,896,1,12,7/21/2008,ttfp,Medium
339,477,4,17,5/17/2014,axre,Large
340,849,4,16,1/18/2006,uvbq,Medium
341,682,3,18,3/15/2012,deix,Large
342,409,6,5,8/13/2007,ofrm,Small
343,964,2,19,5/5/2006,aeth,Medium
344,506,5,15,7/8/2018,ukod,Small
345,365,3,2,4/6/2009,uibv,Large
346,80,4,5,8/14/2016,eopn,Medium
347,51,4,6,7/25/2006,njnp,Medium
348,888,6,13,2/4/2015,cngc,Small
349,677,9,13,1/11/2008,fsby,Large
350,185,3,4,12/17/2016,oqch,Large
351,802,5,14,1/2/2009,kdtn,Small
352,887,9,1,10/15/2016,vrjh,Large
353,198,4,7,2/21/2009,puhs,Large
354,132,5,3,1/11/2018,rrjb,Large
355,45,8,13,9/13/2016,dqpj,Large
356,798,9,8,5/27/2018,hwxs,Small
357,482,7,9,5/24/2007,qcqq,Large
358,602,4,4,12/24/2008,vmoi,Medium
359,814,9,10,10/18/2014,vmby,Medium
360,743,3,5,4/26/2008,qglk,Small
361,410,9,6,5/5/2011,ckpk,Medium
362,260,5,18,6/7/2010,xxsr,Large
363,807,8,3,2/12/2017,dopy,Medium
364,369,3,1,10/26/2008,ottk,Large
365,208,1,6,3/13/2007,bsxj,Large
366,15,7,7,1/4/2011,kbok,Large
367,708,4,6,8/15/2008,geku,Medium
368,621,1,11,1/22/2018,zqqq,Large
369,64,3,13,5/21/2013,uesz,Medium
370,25,4,2,7/21/2009,ogdw,Large
371,184,6,11,3/25/2013,pgkc,Large
372,121,9,18,6/24/2010,qjjn,Large
373,211,8,3,3/27/2011,fxil,Small
374,553,9,1,11/15/2014,tzni,Small
375,993,4,5,5/12/2006,moue,Small
376,115,9,17,7/15/2010,dxjm,Medium
377,829,4,10,4/11/2014,cyai,Large
378,800,4,14,6/22/2014,pzuk,Small
379,54,3,5,2/12/2015,pmmf,Medium
380,744,7,4,3/29/2006,ttns,Medium
381,664,1,18,11/1/2014,jlhf,Small
382,860,7,7,11/16/2013,qbqn,Large
383,796,3,11,8/1/2006,wdad,Small
384,790,6,12,3/4/2008,usba,Large
385,307,8,4,6/27/2015,skvz,Large
386,23,1,1,8/11/2013,ktfw,Small
387,392,8,5,9/17/2016,jtap,Small
388,347,5,5,5/29/2018,trob,Medium
389,503,5,16,12/1/2007,xptc,Medium
390,940,5,6,3/24/2008,jeci,Medium
391,529,5,6,9/29/2010,egtq,Small
392,829,3,14,12/30/2009,rfaf,Large
393,516,9,10,12/17/2009,ppyj,Large
394,960,3,17,7/24/2013,olnx,Small
395,450,5,1,8/6/2016,wane,Small
396,229,2,12,11/3/2016,pwiz,Large
397,916,1,17,5/30/2008,xtcp,Large
398,382,4,12,8/28/2013,yahz,Small
399,35,2,3,9/22/2006,ilme,Small
400,891,7,8,3/17/2005,cfwz,Small
401,279,5,13,12/30/2017,edmi,Small
402,524,1,14,12/27/2011,mini,Small
403,260,8,3,10/30/2011,wsaf,Large
404,792,2,13,5/13/2010,tein,Small
405,771,2,2,11/26/2013,isus,Medium
406,800,3,8,1/18/2006,gadv,Medium
407,665,4,6,9/12/2015,slmb,Large
408,538,6,17,12/17/2006,fmru,Medium
409,196,8,16,11/29/2005,dwtu,Small
410,714,5,6,8/19/2012,vzfr,Medium
411,732,8,6,10/30/2007,iiqs,Large
412,779,7,19,5/23/2005,itis,Large
413,86,7,7,6/5/2005,iheh,Small
414,810,9,13,3/17/2017,ijwe,Small
415,513,3,3,12/4/2006,yfor,Medium
416,762,6,13,9/19/2012,jjxg,Medium
417,920,4,17,9/18/2016,zmie,Small
418,877,9,9,9/10/2008,eiip,Large
419,674,3,15,9/13/2014,hads,Small
420,780,3,2,6/4/2015,lfrh,Large
421,825,9,10,10/9/2014,vlrw,Large
422,873,6,18,5/29/2006,qsgp,Medium
423,482,2,17,12/23/2016,myuz,Small
424,986,8,1,2/24/2010,smms,Medium
425,262,5,6,11/11/2015,ysdd,Large
426,61,4,11,3/8/2008,puux,Medium
427,691,1,6,10/21/2005,nops,Large
428,739,4,7,10/17/2009,klxd,Medium
429,128,7,5,1/3/2009,raat,Medium
430,891,9,3,4/24/2013,bgvm,Medium
431,378,9,10,1/15/2016,rimi,Medium
432,347,7,19,7/14/2013,bkjo,Small
433,772,3,5,5/21/2010,tiip,Large
434,535,8,10,8/15/2017,unkj,Small
435,995,4,6,6/11/2017,ffdu,Small
436,264,7,18,8/14/2010,vzgv,Small
437,460,5,6,11/30/2018,ahpz,Medium
438,222,6,14,2/25/2008,qvww,Medium
439,243,8,17,6/27/2008,sgpz,Small
440,756,9,5,5/1/2013,pdwe,Large
441,795,1,1,5/30/2010,avvf,Large
442,89,3,17,10/24/2016,komk,Small
443,70,6,13,6/20/2005,ksva,Large
444,370,5,7,8/29/2018,gsmm,Medium
445,130,5,15,10/1/2005,jxms,Large
446,346,7,14,9/2/2006,figq,Large
447,314,2,15,2/11/2013,hsyj,Large
448,944,7,9,3/11/2011,lqzr,Small
449,696,3,17,10/25/2016,jhnx,Large
450,423,7,14,8/21/2014,umfn,Large
451,375,4,2,11/8/2018,uwws,Large
452,971,7,16,1/10/2011,olqi,Small
453,939,6,1,6/13/2007,slru,Large
454,571,2,4,4/27/2017,ksov,Medium
455,480,3,16,1/2/2010,fuuq,Medium
456,242,8,19,2/1/2011,dxgs,Medium
457,6,8,16,6/2/2006,pryy,Small
458,483,6,4,7/1/2008,lhab,Small
459,113,3,2,7/3/2010,uqki,Small
460,457,4,19,3/21/2014,xxeo,Large
461,805,9,6,11/14/2013,ohzi,Large
462,671,7,18,8/28/2005,cnsg,Large
463,746,1,13,6/25/2018,ltkp,Large
464,917,7,4,3/10/2013,uxqw,Large
465,483,9,16,5/6/2013,hmcg,Medium
466,229,2,18,6/25/2007,ernh,Medium
467,835,3,12,11/13/2015,yqlt,Large
468,620,6,11,9/4/2008,xdqj,Large
469,542,7,3,11/4/2010,puwo,Large
470,994,4,16,6/12/2017,laye,Large
471,34,3,10,10/9/2009,xaro,Small
472,924,7,19,6/3/2011,flbd,Large
473,915,2,4,10/25/2008,mjeo,Large
474,999,5,8,8/24/2013,fkwl,Large
475,727,7,4,9/23/2009,adsu,Small
476,384,5,19,4/21/2009,thpg,Small
477,395,9,4,4/26/2015,pqfj,Large
478,795,6,14,5/23/2009,zebu,Medium
479,412,3,18,1/19/2016,ican,Small
480,540,7,16,6/18/2008,lhiv,Large
481,841,8,5,9/3/2010,zdfn,Large
482,761,8,16,10/18/2008,yhjq,Large
483,976,1,16,1/23/2016,qdws,Large
484,470,5,8,3/13/2016,fgke,Large
485,582,9,4,2/28/2011,ysoc,Large
486,848,6,18,8/25/2018,ghfi,Medium
487,848,3,2,4/26/2008,ioyh,Medium
488,239,2,3,10/26/2013,dwes,Small
489,31,6,16,12/16/2017,fkrq,Large
490,233,2,17,8/11/2015,dmxv,Medium
491,235,1,2,6/7/2016,vhwo,Small
492,412,7,7,12/15/2013,nhix,Medium
493,566,3,5,3/6/2008,eefy,Small
494,700,9,17,10/29/2016,tqgm,Small
495,78,2,12,9/11/2016,lvwa,Medium
496,524,5,2,3/21/2018,yduo,Medium
497,778,2,2,2/12/2007,udzy,Large
498,591,5,9,12/14/2006,oosv,Medium
499,67,3,17,3/3/2006,rmzi,Small
500,182,2,11,3/23/2009,uyrv,Medium
501,540,4,2,8/5/2016,ybpu,Medium
502,61,7,4,9/20/2008,cihf,Large
503,371,3,4,10/5/2012,gjxy,Small
504,8,3,15,7/6/2018,aznq,Medium
505,162,9,8,6/22/2011,qezq,Medium
506,943,8,14,5/7/2010,srgr,Large
507,904,6,4,3/22/2012,omqs,Small
508,987,5,4,6/30/2012,cqxz,Small
509,777,4,10,2/28/2018,cerm,Large
510,613,9,7,4/25/2012,hqch,Large
511,690,2,12,7/18/2018,bjgd,Medium
512,985,2,14,5/10/2007,nrre,Large
513,588,6,2,5/5/2016,uqoe,Large
514,940,8,5,11/6/2018,uaxh,Large
515,651,2,19,7/20/2009,ceax,Medium
516,38,4,2,2/19/2010,ctek,Small
517,431,1,2,3/7/2005,csmj,Large
518,413,4,11,2/25/2008,ssqr,Small
519,309,2,11,3/14/2011,mgqm,Large
520,322,8,19,2/22/2013,zrmx,Large
521,417,9,1,6/25/2012,deak,Small
522,390,9,4,3/28/2017,odhc,Large
523,871,5,5,7/22/2007,izjk,Medium
524,73,9,10,12/24/2011,cmkp,Medium
525,835,2,1,1/18/2015,wxcd,Large
526,36,2,16,8/21/2009,bvwl,Medium
527,949,2,16,3/15/2010,szlz,Large
528,719,6,4,12/30/2018,nwbn,Medium
529,138,1,4,9/1/2013,rgpu,Medium
530,97,3,10,4/5/2014,wpen,Medium
531,341,8,9,9/14/2005,jpkf,Medium
532,501,5,3,12/10/2007,hsxh,Large
533,381,8,3,1/2/2010,fbju,Medium
534,30,7,7,9/17/2007,pisf,Medium
535,243,8,13,6/1/2018,cpvb,Large
536,780,8,6,6/12/2015,yoje,Small
537,480,6,8,6/15/2006,hgmp,Medium
538,20,3,10,4/15/2009,dtzi,Small
539,962,4,19,12/24/2008,gbcf,Small
540,45,1,18,11/29/2015,nwsf,Medium
541,832,2,10,4/5/2013,mgno,Large
542,119,7,7,2/13/2011,blyz,Large
543,664,2,8,9/5/2014,eucj,Small
544,856,6,10,6/26/2005,tndi,Medium
545,556,8,1,10/15/2006,xyka,Large
546,439,1,18,10/25/2016,glkl,Medium
547,274,9,4,6/30/2014,jgtq,Small
548,698,2,13,12/17/2005,dsab,Medium
549,115,9,8,11/4/2013,zokz,Large
550,611,8,8,2/10/2014,azph,Medium
551,199,6,11,8/15/2017,fxun,Large
552,430,6,12,9/3/2008,orrq,Small
553,451,1,8,12/3/2012,tjyb,Small
554,845,6,13,5/23/2008,xwjt,Large
555,334,6,2,4/3/2013,syty,Small
556,504,1,9,10/5/2014,hqmg,Large
557,688,6,18,3/9/2010,ykdb,Small
558,800,3,18,6/10/2017,snif,Large
559,446,7,7,11/24/2007,sjfw,Small
560,547,2,19,7/30/2015,ytho,Small
561,494,2,19,7/4/2015,ptqw,Small
562,190,9,4,10/10/2016,iend,Medium
563,272,9,13,12/15/2013,xotb,Medium
564,288,5,10,6/19/2018,tgjk,Medium
565,732,4,17,3/12/2009,ysve,Large
566,402,4,6,5/21/2005,prmi,Small
567,262,1,13,10/8/2017,webi,Large
568,441,7,19,5/20/2017,ajvf,Large
569,231,7,2,12/19/2010,weej,Medium
570,644,9,16,8/13/2006,iazd,Large
571,945,3,17,11/24/2016,cady,Medium
572,355,2,10,4/8/2016,gshp,Small
573,805,2,2,4/23/2015,lexz,Large
574,911,2,10,5/17/2009,wxrs,Small
575,255,5,13,4/28/2016,fiqr,Small
576,310,8,1,1/21/2012,qhfq,Medium
577,99,8,8,7/4/2006,bfrk,Small
578,705,6,14,8/4/2018,mtdp,Large
579,811,6,9,2/1/2017,ppxx,Large
580,367,6,4,8/27/2007,zxex,Small
581,637,4,6,8/10/2011,utxv,Small
582,510,8,2,11/6/2016,otmj,Small
583,880,5,7,4/25/2018,crdp,Large
584,210,9,1,6/17/2015,ogdn,Medium
585,102,4,16,11/10/2011,lbxy,Large
586,564,3,13,4/17/2017,tqpj,Small
587,879,3,18,5/20/2006,dnfv,Small
588,828,5,6,11/15/2006,lxvg,Small
589,502,2,7,11/11/2011,vsds,Large
590,186,3,1,11/10/2008,zeco,Large
591,135,4,14,12/17/2009,lqdx,Large
592,396,6,16,1/27/2013,frrh,Small
593,359,8,11,5/29/2006,eyay,Small
594,301,1,16,11/23/2009,actb,Large
595,327,6,5,12/5/2018,mtzn,Medium
596,295,4,5,2/23/2013,jptx,Medium
597,917,4,10,9/4/2007,zjnq,Small
598,385,1,1,3/8/2005,bwec,Medium
599,386,9,14,6/23/2018,dyfs,Small
600,468,1,10,6/19/2018,andp,Medium
601,419,6,18,3/27/2007,nmhh,Small
602,425,8,6,5/21/2005,eoci,Medium
603,125,2,2,4/21/2006,sukd,Large
604,664,8,12,7/17/2007,pbyt,Medium
605,413,6,5,11/4/2011,erwu,Small
606,587,9,16,9/17/2014,ussm,Small
607,258,2,11,6/29/2017,wskq,Small
608,424,7,14,6/28/2013,ixoc,Small
609,116,6,18,8/21/2016,tqcw,Large
610,89,5,15,1/27/2011,zabj,Medium
611,649,8,5,1/27/2017,mght,Medium
612,90,2,18,3/21/2010,ekti,Small
613,485,8,13,7/17/2007,lkqq,Small
614,644,5,5,4/11/2008,xkev,Medium
615,623,3,8,5/13/2005,dkbp,Small
616,82,7,2,10/21/2010,bnsf,Large
617,534,9,8,7/3/2008,stot,Small
618,661,3,12,3/28/2005,kiil,Medium
619,674,1,7,4/8/2018,lyli,Small
620,682,4,14,5/13/2015,dzpu,Medium
621,678,1,8,9/9/2016,vzoz,Medium
622,631,2,11,5/15/2015,wehr,Small
623,236,9,11,8/20/2013,esyl,Medium
624,508,5,2,11/7/2012,snjl,Small
625,719,5,11,2/22/2012,eutb,Medium
626,515,1,8,8/16/2005,fjst,Large
627,472,2,4,11/25/2005,wpnh,Small
628,133,9,12,5/27/2012,clhi,Small
629,428,7,6,11/14/2005,figa,Medium
630,673,6,11,11/26/2017,idfc,Small
631,276,5,19,8/14/2006,hpqr,Large
632,468,8,4,1/14/2011,jqvr,Large
633,524,4,2,6/8/2018,mwfp,Large
634,897,6,8,2/3/2005,aeik,Medium
635,878,9,4,1/20/2007,uzwc,Small
636,727,2,17,12/29/2008,qnww,Large
637,16,2,19,7/20/2013,mnry,Small
638,447,5,12,8/22/2011,acqb,Small
639,551,9,9,6/28/2010,mzfo,Small
640,430,2,19,8/10/2011,cyex,Medium
641,452,8,4,7/1/2018,sqzl,Large
642,649,8,14,8/11/2007,btzq,Small
643,713,9,8,4/20/2012,kdlw,Small
644,277,7,10,12/23/2009,xsgb,Large
645,153,2,11,10/20/2013,xdmw,Small
646,397,5,18,9/16/2005,njhf,Large
647,994,8,18,9/6/2015,zjvn,Small
648,878,3,2,1/24/2012,aufc,Small
649,463,4,19,7/21/2012,vedy,Large
650,440,4,2,11/2/2006,izvz,Small
651,35,8,15,4/20/2013,pgxs,Medium
652,828,8,1,12/3/2006,ynth,Small
653,27,1,13,4/12/2011,jvgk,Large
654,397,5,7,5/26/2005,enbs,Small
655,981,8,9,5/6/2012,hedx,Medium
656,634,8,4,2/4/2010,mbqh,Small
657,466,2,1,7/4/2014,xoez,Large
658,680,1,11,1/10/2015,sksm,Large
659,866,7,16,7/26/2018,vitr,Medium
660,760,3,4,10/8/2005,ipua,Medium
661,761,6,13,7/13/2012,waac,Medium
662,339,4,17,10/1/2016,ngsg,Large
663,862,8,12,8/14/2007,coyn,Medium
664,707,4,16,6/19/2017,xcwt,Large
665,774,9,3,3/14/2013,lxij,Medium
666,339,6,11,9/6/2012,fzmc,Small
667,183,8,3,11/28/2014,oufo,Large
668,421,1,12,9/6/2009,eqfi,Large
669,952,6,9,2/14/2016,ttty,Small
670,682,8,16,9/2/2016,nidm,Small
671,902,9,11,3/27/2008,jhzf,Medium
672,338,4,1,6/6/2009,ayhk,Large
673,714,5,15,10/25/2007,ssyg,Medium
674,232,8,13,8/28/2013,ppel,Medium
675,997,9,16,11/11/2009,hcog,Large
676,956,3,11,2/9/2005,hosi,Large
677,758,5,8,4/20/2006,xria,Medium
678,284,1,13,11/26/2014,bngw,Large
679,292,3,6,10/1/2008,ayao,Large
680,404,1,19,6/23/2007,filp,Large
681,291,1,2,6/6/2011,dyqp,Large
682,872,2,16,11/16/2014,ghvh,Small
683,280,4,11,10/19/2016,ruox,Medium
684,972,3,16,7/3/2008,ykur,Small
685,36,9,10,2/10/2009,xxcs,Large
686,338,4,6,6/12/2011,lvfm,Small
687,807,6,9,6/30/2012,nrfg,Small
688,977,7,17,9/21/2012,qcsu,Small
689,681,7,9,3/23/2016,qvti,Large
690,914,5,13,5/20/2018,lhnh,Medium
691,827,8,3,6/26/2015,njvh,Large
692,369,5,7,4/15/2008,hdqa,Small
693,795,7,2,12/30/2009,tlra,Medium
694,214,8,8,3/23/2013,nwqu,Medium
695,277,1,19,2/19/2010,hcgi,Large
696,721,4,8,4/13/2008,shjw,Large
697,584,2,11,2/23/2006,qoko,Large
698,475,4,5,10/15/2011,zqdj,Small
699,674,4,15,3/15/2013,ysvk,Large
700,205,9,19,2/15/2016,cllp,Large
701,842,1,6,11/27/2005,xooo,Medium
702,532,1,1,2/2/2009,mumw,Large
703,56,2,8,11/1/2013,dpsv,Large
704,704,7,13,5/16/2015,mseu,Small
705,847,1,3,7/1/2014,ihqz,Large
706,99,6,11,5/13/2008,drft,Small
707,842,4,8,6/16/2005,wlhc,Medium
708,818,2,16,9/3/2011,pfrw,Medium
709,982,7,15,11/14/2016,zghd,Small
710,696,7,4,7/7/2009,mbgm,Large
711,501,9,18,7/18/2013,foyr,Small
712,387,6,13,6/19/2012,osob,Medium
713,112,8,10,1/15/2018,bqhg,Large
714,256,6,8,10/3/2006,ajle,Small
715,820,5,16,7/18/2005,qefb,Medium
716,600,8,15,4/20/2014,evuh,Medium
717,755,3,11,1/18/2007,tdcm,Large
718,213,7,1,7/30/2006,dmbg,Large
719,620,7,6,6/16/2010,hppo,Medium
720,671,1,5,12/24/2014,btet,Large
721,636,2,13,3/19/2015,htgr,Medium
722,480,8,17,9/6/2007,pflg,Small
723,803,4,9,2/3/2008,ftsb,Medium
724,275,6,1,9/7/2018,obur,Medium
725,621,6,16,9/26/2013,syda,Medium
726,199,8,19,12/21/2006,qeja,Large
727,377,2,6,11/4/2018,iair,Small
728,544,3,10,7/23/2017,nczg,Large
729,922,7,4,4/30/2012,hixi,Medium
730,812,3,17,10/8/2006,vxhz,Medium
731,995,6,13,11/1/2016,dyqi,Medium
732,920,2,17,7/29/2008,hnrw,Small
733,310,1,6,1/7/2018,yzru,Small
734,52,8,7,9/1/2014,eqjn,Medium
735,967,2,8,7/6/2014,sapy,Small
736,344,5,15,6/15/2017,lwkv,Large
737,944,5,7,7/23/2016,kqop,Large
738,905,1,17,2/16/2010,uwrr,Small
739,756,7,2,8/2/2011,byts,Large
740,169,9,16,2/14/2006,dbwx,Medium
741,270,5,10,10/21/2009,aztb,Medium
742,658,7,6,11/8/2018,hvrq,Small
743,281,4,15,7/17/2017,bgff,Small
744,764,7,1,9/26/2005,esgw,Medium
745,35,9,3,12/12/2016,blsj,Small
746,730,6,13,5/22/2017,xdrk,Medium
747,429,8,8,7/7/2006,nmun,Medium
748,853,7,10,11/1/2013,ryuc,Small
749,712,5,6,2/4/2015,xhrq,Small
750,520,3,2,11/26/2018,ourl,Medium
751,609,8,10,3/27/2006,nkcm,Large
752,544,5,5,1/23/2013,fhpj,Medium
753,450,5,13,6/26/2010,xbcr,Large
754,487,5,15,11/9/2015,fhzy,Large
755,13,8,2,6/17/2008,ifue,Small
756,317,5,17,5/15/2013,krmt,Medium
757,991,9,1,4/21/2012,xelv,Large
758,841,6,11,1/12/2006,umqg,Large
759,924,7,6,4/28/2008,nrba,Large
760,598,4,11,1/30/2010,gydt,Medium
761,480,2,5,10/23/2016,qzhk,Medium
762,758,2,9,10/26/2013,azfm,Large
763,538,7,5,2/4/2008,xdzf,Small
764,240,4,6,12/16/2005,chrs,Medium
765,302,5,2,5/5/2015,hngq,Medium
766,968,1,19,7/6/2006,dpsi,Large
767,927,9,3,1/13/2015,qceo,Large
768,901,6,11,11/18/2014,yqcs,Medium
769,506,6,18,5/28/2013,iyfx,Medium
770,38,9,14,9/30/2015,edjk,Small
771,508,2,7,11/10/2010,edwy,Small
772,48,5,9,4/6/2008,avbn,Medium
773,776,2,19,1/7/2018,ztnk,Large
774,658,6,7,2/20/2018,ivwu,Medium
775,804,5,15,3/7/2018,uphp,Large
776,196,2,2,12/22/2005,djdf,Small
777,762,1,5,3/8/2006,rxju,Small
778,119,7,17,10/15/2007,ckqc,Medium
779,208,1,4,3/7/2013,qrdc,Small
780,416,4,14,6/8/2008,pwwd,Medium
781,999,1,15,2/13/2011,crqa,Small
782,559,7,11,4/8/2007,xugr,Large
783,616,7,17,3/22/2005,oahz,Small
784,225,4,6,2/15/2009,nifo,Small
785,304,1,2,7/10/2016,kxqv,Medium
786,270,8,9,3/8/2013,hfxd,Large
787,155,2,16,3/28/2012,xxrq,Medium
788,373,6,3,8/30/2009,bnrj,Small
789,446,5,5,10/5/2013,inng,Medium
790,755,8,7,5/9/2008,vsyx,Large
791,491,2,7,4/3/2013,oezo,Medium
792,941,3,12,10/2/2005,sbbg,Medium
793,774,5,3,2/4/2007,cewp,Medium
794,506,9,9,7/2/2009,kqgw,Small
795,849,1,13,10/16/2008,cadr,Large
796,376,5,10,9/29/2006,ymzc,Small
797,554,6,18,6/4/2007,pyej,Large
798,879,5,1,7/16/2010,trzr,Medium
799,232,8,16,12/21/2012,ctvk,Large
800,906,8,8,12/7/2008,mkmb,Large
801,791,4,16,2/2/2011,mcdd,Small
802,307,1,13,3/6/2005,rbzw,Small
803,455,6,18,9/22/2017,hoph,Medium
804,387,5,13,6/28/2018,xpja,Large
805,158,7,7,2/22/2014,wgzl,Medium
806,677,3,13,4/19/2015,poiv,Large
807,963,4,9,9/1/2017,gbip,Medium
808,840,9,8,1/20/2016,xnvm,Large
809,249,4,8,4/9/2010,igex,Large
810,213,5,12,8/11/2006,lusw,Medium
811,331,3,6,11/22/2017,nccz,Medium
812,94,7,16,11/13/2015,pake,Large
813,209,2,12,9/16/2007,igfc,Medium
814,961,5,14,10/14/2009,sqcm,Large
815,403,9,1,4/20/2007,yxcx,Small
816,484,3,17,11/5/2008,utqu,Small
817,391,8,8,1/10/2011,xczd,Medium
818,883,1,11,5/17/2007,vfoc,Large
819,791,8,5,6/15/2010,fgfg,Medium
820,459,5,13,9/26/2011,nzfi,Small
821,67,1,12,11/20/2016,rwpe,Medium
822,189,5,9,9/9/2014,miyw,Large
823,342,6,16,3/17/2006,vomy,Large
824,667,7,14,7/17/2012,qaci,Medium
825,669,2,5,9/18/2011,xiqh,Small
826,294,5,18,7/6/2009,tuiz,Large
827,832,3,8,12/19/2008,xufb,Medium
828,825,6,2,8/4/2005,gqvn,Small
829,399,6,4,11/6/2018,sclc,Large
830,459,6,17,1/5/2006,zlzy,Small
831,429,1,3,6/13/2016,sqjj,Small
832,204,2,1,1/10/2018,zgmt,Medium
833,663,7,15,3/1/2005,dzbo,Small
834,479,2,17,11/12/2016,rmwj,Large
835,891,4,10,12/29/2007,elrt,Small
836,801,9,9,9/1/2008,xsbz,Small
837,116,5,4,6/14/2014,ihge,Large
838,412,4,13,11/22/2017,ilbq,Small
839,370,3,9,12/2/2015,pdco,Small
840,822,3,1,12/27/2010,bwqy,Large
841,251,5,2,6/28/2018,hmkc,Large
842,842,5,8,3/20/2011,vcdo,Large
843,932,3,4,8/20/2016,fmyc,Large
844,284,8,8,4/9/2006,rbqr,Small
845,392,2,16,12/28/2018,jlzo,Medium
846,222,6,12,11/1/2006,ygiu,Large
847,438,2,1,5/9/2013,ecff,Large
848,770,9,11,8/30/2011,tgpi,Large
849,348,5,6,12/14/2014,qxbo,Large
850,616,5,10,4/1/2005,vmyi,Small
851,747,2,1,12/22/2006,kcgb,Small
852,380,1,4,8/19/2012,xmdw,Large
853,882,5,7,3/21/2018,nbzf,Large
854,266,2,6,9/17/2005,gfqo,Small
855,504,8,14,5/29/2017,gtuj,Medium
856,610,8,17,11/17/2016,pyti,Large
857,149,7,9,8/2/2018,yjfq,Medium
858,654,4,9,4/17/2006,ekst,Medium
859,20,5,10,10/6/2006,rdre,Large
860,508,1,14,9/15/2009,prxb,Medium
861,290,1,16,7/13/2017,fcev,Medium
862,914,8,13,3/9/2007,pkcw,Small
863,228,3,4,5/30/2009,qnkc,Small
864,536,1,12,2/9/2008,mnzo,Large
865,784,3,4,10/25/2015,glfk,Medium
866,567,1,15,3/28/2011,wwjr,Large
867,716,3,17,8/4/2015,pzgg,Medium
868,565,2,17,9/7/2016,hhwl,Large
869,547,4,5,5/4/2005,iyrf,Medium
870,23,2,4,10/15/2012,fjgw,Large
871,829,8,17,7/22/2007,fdhq,Large
872,136,8,7,3/16/2015,didt,Large
873,135,9,4,11/22/2005,ugip,Medium
874,320,8,8,7/15/2017,ofmj,Large
875,990,2,5,3/19/2008,sefg,Small
876,20,8,2,3/12/2010,pseq,Small
877,404,1,7,3/25/2010,bopf,Large
878,3,6,15,4/21/2011,ugab,Small
879,119,3,16,1/26/2014,ejlc,Large
880,166,3,7,5/28/2015,cmyj,Small
881,407,7,17,10/16/2014,nhyf,Small
882,555,5,9,3/24/2009,xyry,Small
883,922,5,1,7/2/2016,rlyn,Small
884,46,5,10,5/22/2015,yqfi,Large
885,705,2,10,1/22/2012,jzqj,Large
886,762,8,19,7/15/2011,awai,Small
887,633,5,18,7/15/2014,ichy,Medium
888,993,4,12,3/29/2018,vpko,Large
889,973,7,19,12/23/2017,uegj,Small
890,981,8,16,11/12/2018,llov,Medium
891,360,9,2,3/22/2011,zcoy,Small
892,390,7,15,1/4/2013,ncho,Small
893,771,9,6,5/29/2015,mkxw,Large
894,903,3,15,3/10/2014,vwik,Medium
895,613,8,2,3/20/2008,qyoq,Large
896,198,6,6,7/21/2014,homk,Medium
897,654,2,16,9/29/2013,blfe,Small
898,837,2,1,3/21/2018,wxrp,Large
899,865,8,8,11/9/2006,gojk,Medium
900,880,4,13,8/18/2006,gyys,Large
901,162,1,2,3/20/2016,tytw,Large
902,891,9,19,2/3/2018,iqao,Small
903,912,8,9,1/10/2012,mslo,Medium
904,904,5,12,7/16/2009,karj,Small
905,732,5,18,6/3/2015,ffpt,Medium
906,999,3,11,7/11/2012,dcvg,Large
907,275,9,17,7/4/2010,azvu,Large
908,537,5,12,8/9/2007,gwyb,Small
909,210,6,12,5/25/2015,scod,Medium
910,585,9,16,2/16/2009,frba,Medium
911,997,7,8,12/17/2016,wxqo,Large
912,963,1,8,10/1/2014,elou,Large
913,8,9,17,5/9/2012,fxmi,Small
914,50,6,1,3/25/2016,itty,Large
915,139,5,11,4/28/2015,ffuf,Medium
916,325,5,11,6/22/2005,vdyu,Large
917,181,6,2,9/21/2009,phzn,Medium
918,661,8,19,4/13/2017,svmt,Small
919,282,5,17,11/19/2012,tcjt,Small
920,142,1,6,4/14/2005,bjyp,Small
921,203,8,4,12/1/2011,oypz,Large
922,173,4,6,2/16/2012,xsjz,Large
923,415,2,12,8/22/2017,lzbp,Medium
924,228,3,10,8/25/2005,xucn,Large
925,859,5,6,8/9/2016,xgnj,Medium
926,53,2,5,10/10/2009,slqj,Medium
927,128,1,16,8/29/2013,vikc,Small
928,583,8,8,9/8/2009,mltc,Medium
929,164,8,2,8/3/2009,swah,Small
930,137,7,3,11/22/2016,kjjz,Small
931,21,7,14,3/30/2013,nasn,Large
932,549,2,8,4/4/2013,pnyd,Medium
933,275,7,18,2/21/2015,ieip,Large
934,377,4,8,5/13/2017,seuq,Large
935,266,7,3,10/13/2012,hyjb,Small
936,498,7,5,5/22/2009,npsq,Small
937,27,7,6,1/1/2014,zktc,Large
938,44,9,4,12/17/2012,ivsk,Small
939,666,1,1,1/13/2010,cprn,Large
940,959,3,6,8/24/2007,qyba,Large
941,808,1,18,11/15/2011,srgo,Large
942,435,6,11,3/6/2012,mpyj,Small
943,117,8,19,6/2/2006,hleq,Small
944,115,4,12,11/16/2008,ehcz,Medium
945,463,8,4,11/15/2007,dzsi,Small
946,273,7,9,9/19/2011,ulvy,Large
947,508,9,10,6/21/2012,ojbh,Large
948,812,3,15,4/8/2009,pchl,Large
949,211,8,15,8/21/2018,kttw,Small
950,529,9,16,8/10/2012,wdzu,Small
951,319,4,9,7/29/2016,szdf,Small
952,760,4,19,8/11/2007,wfor,Large
953,958,6,1,6/30/2010,idny,Medium
954,777,1,18,4/23/2013,cdbw,Large
955,336,4,1,8/30/2007,iydk,Large
956,832,7,17,1/24/2011,prbe,Large
957,163,5,19,10/7/2010,lumh,Small
958,622,6,14,3/5/2018,ckin,Small
959,209,2,16,4/25/2016,lrpw,Large
960,333,4,14,7/27/2005,wmyu,Large
961,848,6,11,6/19/2010,qqsm,Medium
962,509,9,14,6/27/2016,lxnu,Medium
963,180,2,9,10/20/2009,sdei,Small
964,565,3,10,7/14/2012,wbzq,Large
965,287,7,11,10/21/2011,cjzc,Medium
966,231,9,1,5/20/2005,coqz,Large
967,221,3,2,12/7/2012,amsz,Small
968,771,5,8,8/21/2007,dhmx,Large
969,321,2,18,11/18/2009,qgbz,Medium
970,643,9,5,2/2/2015,eiic,Small
971,68,2,9,8/24/2011,kxgm,Medium
972,160,7,8,12/29/2017,jtuc,Large
973,459,3,12,12/19/2016,zsbm,Medium
974,375,6,10,12/9/2015,mkmz,Small
975,289,2,11,12/29/2007,qymu,Large
976,519,8,1,12/2/2008,outu,Large
977,112,9,13,12/13/2015,dvwl,Medium
978,846,5,11,12/30/2010,czje,Medium
979,858,1,17,7/1/2014,yyuh,Small
980,892,5,16,8/19/2018,gbhq,Large
981,521,9,18,5/13/2007,ipcv,Medium
982,491,4,18,10/18/2008,ztfq,Medium
983,281,8,8,2/1/2010,bent,Large
984,791,2,8,11/2/2015,dkix,Small
985,431,8,5,4/17/2013,fmfm,Large
986,265,3,19,2/27/2014,njad,Small
987,605,1,12,3/27/2014,ywuq,Large
988,226,4,1,6/7/2005,sciy,Large
989,735,4,4,5/2/2009,kyst,Large
990,883,7,2,9/1/2007,qmlp,Medium
991,387,7,17,7/9/2006,mbfk,Large
992,376,8,2,4/27/2006,bytd,Large
993,977,7,17,1/19/2016,mzjo,Small
994,216,5,19,9/25/2018,octw,Large
995,479,5,5,10/2/2006,vxiw,Small
996,625,6,4,2/16/2013,jbiq,Small
997,159,3,5,12/18/2017,mgia,Large
998,86,8,7,12/17/2017,ljbq,Large
999,420,2,14,4/12/2009,zjxj,Small
1000,2,7,17,2/25/2018,xewd,Medium
1001,812,2,14,2/27/2009,adoz,Medium
1002,602,1,12,9/14/2014,vmov,Small
1003,682,5,11,3/28/2017,evfi,Medium
1004,687,3,8,12/20/2010,hmpa,Medium
1005,821,9,9,3/28/2007,bchm,Medium
1006,139,4,17,4/18/2008,fdcn,Medium
1007,705,9,5,8/9/2012,poao,Small
1008,552,6,6,8/8/2015,hqul,Medium
1009,235,8,4,12/20/2017,ssvb,Medium
1010,610,7,1,8/26/2015,rcfe,Medium
1011,669,2,10,12/17/2017,kaen,Medium
1012,412,6,1,5/21/2005,mqhz,Large
1013,101,5,5,6/24/2009,wemt,Medium
1014,191,8,15,5/28/2014,xdwq,Large
1015,330,4,18,2/25/2008,ikys,Large
1016,854,9,7,12/28/2018,mfrs,Large
1017,165,6,17,6/9/2010,cdll,Small
1018,522,1,14,7/16/2009,rsdt,Medium
1019,330,7,11,12/13/2014,srlw,Large
1020,121,7,16,1/30/2007,qxua,Large
1021,110,1,19,10/14/2012,uaoi,Medium
1022,739,8,8,8/1/2016,vlre,Large
1023,251,7,15,3/27/2017,fiig,Small
1024,786,4,13,9/9/2009,qoor,Small
1025,864,4,19,10/25/2012,tjxo,Small
1026,286,4,10,9/1/2010,mlxm,Small
1027,157,8,13,11/7/2015,fjkb,Large
1028,53,9,19,11/30/2017,syey,Medium
1029,810,3,11,5/30/2007,svco,Large
1030,585,8,4,7/18/2013,rjby,Medium
1031,640,3,18,12/28/2011,zydd,Large
1032,959,8,1,4/6/2006,qvnq,Large
1033,459,3,12,6/25/2013,iwwj,Medium
1034,64,5,7,11/26/2013,yvzm,Small
1035,705,8,10,8/25/2017,cptf,Small
1036,992,1,4,1/27/2013,vlsc,Small
1037,966,1,13,4/16/2006,xyfv,Large
1038,639,3,15,3/11/2018,xnik,Medium
1039,429,6,5,11/16/2007,ytke,Medium
1040,880,3,2,11/2/2007,gglu,Large
1041,531,1,10,8/9/2005,dzmt,Large
1042,45,2,1,12/9/2014,vxfn,Large
1043,728,1,17,2/17/2016,ipqm,Small
1044,983,2,18,4/14/2005,tzii,Small
1045,98,5,11,2/7/2016,bgem,Small
1046,63,7,2,4/3/2018,lrps,Small
1047,442,5,16,3/20/2009,vzef,Medium
1048,426,8,17,4/26/2006,fiwe,Large
1049,823,3,8,10/29/2012,dopa,Medium
1050,262,7,16,1/9/2012,fjsm,Small
1051,504,9,14,8/10/2017,xivq,Large
1052,285,4,8,3/4/2008,xjle,Medium
1053,41,7,19,8/25/2016,yuvu,Medium
1054,123,2,4,10/5/2005,ikgt,Medium
1055,790,8,15,2/27/2012,kziq,Large
1056,382,8,7,8/28/2011,jcah,Small
1057,273,9,4,3/9/2009,jmye,Small
1058,616,5,9,11/27/2007,cclk,Medium
1059,562,7,1,8/13/2009,czpx,Large
1060,508,8,11,4/17/2013,pjpb,Medium
1061,323,8,7,9/20/2017,bbpp,Large
1062,369,8,15,8/23/2012,swus,Medium
1063,492,3,12,10/17/2012,wxbz,Large
1064,192,2,12,11/3/2018,cmhn,Small
1065,724,3,14,12/19/2007,mdwj,Small
1066,295,1,8,2/13/2007,jrnv,Medium
1067,938,7,10,11/29/2009,jyjj,Medium
1068,791,3,14,5/17/2016,arym,Large
1069,881,6,3,8/3/2011,rrzx,Medium
1070,789,7,6,3/18/2018,dvsi,Small
1071,943,2,8,9/26/2007,gxig,Large
1072,249,9,1,6/29/2005,waun,Medium
1073,315,5,13,6/12/2015,dcoj,Large
1074,913,2,9,10/21/2011,bnpx,Large
1075,998,5,18,2/22/2007,wfch,Large
1076,320,1,5,1/9/2018,ktin,Medium
1077,110,3,2,5/15/2009,cesb,Small
1078,310,5,6,3/15/2008,fard,Medium
1079,655,1,8,1/22/2016,ssuk,Medium
1080,792,8,14,12/21/2007,ekof,Small
1081,652,4,10,1/1/2011,fhmh,Small
1082,891,5,16,6/20/2012,huxs,Small
1083,810,7,19,5/26/2012,grud,Medium
1084,886,8,17,12/27/2018,rhrn,Small
1085,240,8,7,1/9/2015,vlpn,Medium
1086,900,9,10,9/5/2009,rmiy,Small
1087,668,7,6,8/29/2017,ntmq,Medium
1088,779,5,18,3/9/2008,mcqg,Small
1089,312,6,4,5/3/2005,smkr,Large
1090,146,9,15,2/25/2008,ycjf,Large
1091,269,2,1,5/21/2018,oahh,Small
1092,729,5,4,2/16/2013,xxuy,Small
1093,833,3,8,10/12/2014,jvfu,Large
1094,334,9,3,3/1/2010,agyu,Medium
1095,592,3,3,6/9/2006,rylk,Medium
1096,246,1,11,9/5/2011,afvq,Small
1097,106,3,14,11/18/2014,hdds,Medium
1098,40,9,2,6/30/2016,mrcn,Medium
1099,468,2,4,1/9/2011,eowg,Small
1100,821,1,11,5/5/2007,ofto,Large
1101,793,7,10,8/4/2017,shvu,Large
1102,944,1,8,10/1/2012,cncf,Medium
1103,262,9,7,6/4/2008,mgbp,Large
1104,229,2,13,5/23/2012,dtqb,Small
1105,985,8,9,12/28/2005,cvuz,Medium
1106,666,1,12,3/1/2011,uoyo,Small
1107,509,3,15,10/9/2007,gnmr,Medium
1108,985,2,1,3/14/2013,rtmx,Medium
1109,16,2,15,8/30/2013,lnxw,Small
1110,634,9,17,7/8/2018,yprq,Medium
1111,106,7,4,4/17/2006,dwwm,Small
1112,533,8,19,10/29/2006,jori,Large
1113,990,8,1,1/3/2016,kchd,Small
1114,636,5,1,7/27/2010,qrjo,Small
1115,330,1,12,3/17/2007,aobh,Large
1116,874,1,12,10/13/2007,vpzl,Large
1117,631,5,2,2/20/2012,booq,Medium
1118,11,2,11,10/17/2009,ivmk,Small
1119,572,9,15,5/11/2012,vfwm,Medium
1120,712,1,6,12/6/2010,zzia,Medium
1121,824,1,9,8/11/2012,hsnp,Large
1122,293,3,3,5/29/2018,odhe,Medium
1123,997,5,15,9/10/2014,kqpw,Medium
1124,144,8,2,9/28/2017,lbxz,Medium
1125,962,4,6,6/17/2011,savj,Large
1126,67,1,11,4/16/2018,jfcg,Small
1127,612,8,12,11/11/2013,qnku,Medium
1128,731,2,16,11/1/2017,tbtl,Medium
1129,290,2,15,12/7/2005,stpv,Large
1130,154,1,5,9/19/2013,ddah,Large
1131,105,2,13,12/13/2011,ulzm,Large
1132,83,4,18,5/29/2015,qzzp,Medium
1133,684,3,2,10/8/2012,lhrq,Large
1134,377,7,11,12/9/2018,noou,Small
1135,966,9,8,10/26/2017,laze,Small
1136,320,9,2,12/20/2010,mrlm,Small
1137,447,1,17,4/30/2006,gykz,Medium
1138,56,3,9,3/9/2005,jbit,Large
1139,885,1,18,9/28/2015,eblv,Large
1140,184,3,18,3/19/2017,mzew,Large
1141,605,1,16,5/16/2009,godr,Large
1142,935,7,1,11/6/2014,zdpb,Small
1143,617,2,1,7/5/2005,lrha,Large
1144,300,3,10,12/15/2010,yzog,Small
1145,884,2,5,6/6/2013,vglp,Small
1146,144,8,7,3/24/2013,ecuo,Medium
1147,410,2,2,3/12/2015,uuqv,Small
1148,7,9,8,6/9/2009,jkzl,Large
1149,434,9,11,8/6/2015,ghjv,Large
1150,29,4,3,10/23/2005,yfim,Large
1151,386,3,15,4/17/2009,ttvn,Medium
1152,921,7,3,6/12/2012,panj,Medium
1153,384,8,13,10/2/2014,mtze,Small
1154,278,8,19,2/1/2006,vixg,Medium
1155,925,4,2,4/29/2010,uxfr,Medium
1156,210,3,9,5/12/2007,camu,Large
1157,312,5,3,5/22/2009,imcm,Medium
1158,156,7,15,10/8/2010,xnrk,Medium
1159,762,3,4,11/15/2017,rzci,Small
1160,67,8,6,11/4/2017,slsy,Small
1161,41,8,12,3/20/2008,tedl,Medium
1162,148,5,1,7/16/2016,jesy,Small
1163,339,4,17,9/4/2016,opup,Large
1164,161,4,4,8/6/2011,bsfs,Small
1165,533,2,9,6/3/2016,jzps,Small
1166,335,8,3,7/27/2010,pmso,Small
1167,110,5,18,11/7/2011,jvlf,Small
1168,296,8,12,8/24/2006,maav,Medium
1169,50,4,14,10/23/2009,ctts,Medium
1170,893,8,9,8/4/2007,dbka,Medium
1171,182,2,12,3/4/2014,xmuw,Small
1172,999,9,16,1/27/2016,byqo,Medium
1173,400,7,11,11/17/2014,mtlv,Small
1174,496,9,13,4/28/2011,rtvf,Medium
1175,663,4,14,8/1/2008,lgqs,Medium
1176,845,2,5,1/27/2018,qdsg,Medium
1177,829,8,8,8/9/2007,nuwb,Medium
1178,445,9,10,4/1/2018,enao,Small
1179,824,7,14,3/29/2014,mskn,Small
1180,207,8,15,1/17/2015,sxcy,Small
1181,648,4,19,3/28/2009,rwtk,Small
1182,440,4,10,11/17/2011,uexo,Large
1183,280,9,12,9/6/2005,eywe,Medium
1184,821,1,17,12/15/2012,wkjc,Large
1185,308,4,5,4/23/2010,prps,Medium
1186,474,7,16,3/20/2008,fdns,Small
1187,917,4,8,5/15/2012,azks,Large
1188,256,3,15,6/17/2010,izpv,Small
1189,209,6,17,2/14/2005,aegg,Small
1190,984,4,6,11/19/2007,tbno,Small
1191,15,6,19,4/16/2006,dpql,Small
1192,70,9,10,8/17/2012,tskl,Small
1193,876,8,1,5/16/2014,prpp,Medium
1194,320,6,14,9/2/2006,cqkb,Medium
1195,620,6,5,8/1/2015,bpjw,Large
1196,665,1,17,10/3/2008,mghx,Large
1197,456,4,10,5/22/2010,cntp,Medium
1198,443,8,10,4/8/2016,tbau,Medium
1199,416,6,17,10/6/2011,fzus,Medium
1200,615,3,7,9/4/2011,tphu,Large
1201,498,1,5,8/26/2012,mwcx,Large
1202,783,8,3,12/22/2005,fjwp,Small
1203,308,6,14,7/6/2012,ioko,Small
1204,530,3,11,1/6/2006,sttf,Small
1205,470,6,14,7/23/2011,qwbd,Small
1206,438,2,14,5/8/2018,pxtz,Large
1207,620,3,11,7/8/2007,cgsi,Large
1208,882,3,13,9/26/2006,bgdf,Large
1209,827,1,15,5/10/2015,wrzc,Large
1210,812,3,18,12/15/2014,icoy,Medium
1211,238,5,10,3/9/2006,sous,Medium
1212,544,3,13,6/23/2010,ccwy,Small
1213,330,6,17,5/21/2012,sdmx,Small
1214,967,3,17,6/6/2018,fhha,Large
1215,902,1,19,9/28/2010,umxd,Large
1216,594,4,9,5/14/2008,mrtg,Medium
1217,499,5,9,8/2/2015,thxb,Large
1218,795,4,6,5/7/2013,ybxv,Medium
1219,961,2,14,1/12/2008,erwt,Large
1220,734,3,9,5/19/2014,mxuq,Medium
1221,146,9,12,6/27/2007,nxeu,Small
1222,572,4,14,12/15/2006,nrjn,Large
1223,674,8,11,3/21/2013,crkh,Large
1224,502,5,11,6/29/2012,mzzx,Small
1225,259,3,7,5/18/2018,pmzp,Small
1226,583,3,19,3/5/2015,egzi,Large
1227,778,1,7,12/25/2009,rzua,Medium
1228,988,2,19,11/11/2009,zepw,Small
1229,305,7,7,3/11/2018,qlqj,Medium
1230,865,4,10,9/20/2017,ywns,Large
1231,760,9,19,2/23/2013,lmqq,Medium
1232,140,8,9,11/6/2018,gtjj,Large
1233,771,2,13,5/6/2015,vjkd,Small
1234,468,6,6,7/30/2016,tuch,Small
1235,884,3,1,4/28/2007,qyii,Medium
1236,538,2,1,5/4/2005,frng,Medium
1237,21,4,14,10/17/2011,ulaz,Small
1238,666,2,5,6/6/2012,mfej,Small
1239,603,3,10,5/17/2016,zsre,Small
1240,951,3,15,2/20/2011,ejbx,Medium
1241,326,4,12,10/18/2012,hngx,Large
1242,331,8,5,9/4/2010,bdbl,Small
1243,533,8,11,11/29/2012,zcse,Large
1244,92,4,10,12/1/2012,vqvc,Large
1245,131,2,8,11/7/2012,xhgp,Small
1246,540,4,14,7/25/2015,abnz,Large
1247,218,6,17,5/28/2010,xlgi,Large
1248,502,2,6,4/11/2015,nles,Large
1249,462,2,3,9/12/2015,dtui,Large
1250,593,6,6,1/25/2015,icui,Medium
1251,695,2,8,11/24/2009,vhpf,Small
1252,796,8,14,11/18/2013,wyyx,Large
1253,328,8,7,10/17/2011,rnjh,Small
1254,314,1,1,5/19/2012,rwyb,Medium
1255,71,5,2,7/20/2012,qwlx,Medium
1256,701,7,11,9/18/2013,ecto,Medium
1257,437,9,1,3/15/2011,eafo,Large
1258,787,5,15,11/25/2012,xzza,Large
1259,133,5,3,5/27/2013,ocpb,Large
1260,650,2,11,8/19/2012,wjzk,Medium
1261,74,5,8,1/21/2008,ocpr,Small
1262,617,7,15,7/17/2011,csob,Medium
1263,816,5,18,3/20/2018,hdlt,Large
1264,135,1,1,1/14/2010,gsos,Small
1265,974,4,14,10/20/2015,zgpj,Small
1266,273,2,9,9/17/2018,txcg,Large
1267,844,7,19,11/1/2012,qiza,Large
1268,628,7,16,5/11/2016,kbdf,Medium
1269,972,3,3,3/12/2017,xrpx,Small
1270,312,3,18,7/1/2005,nfde,Large
1271,239,3,2,10/12/2014,npic,Large
1272,645,3,17,12/7/2014,vmqf,Large
1273,949,7,16,4/20/2011,ofnm,Medium
1274,406,8,13,3/11/2015,oxxd,Small
1275,700,8,4,2/26/2006,ddbz,Small
1276,477,1,17,1/27/2012,zyyk,Small
1277,162,3,17,2/25/2008,jczb,Small
1278,960,3,14,5/26/2007,cazb,Small
1279,2,4,5,4/28/2005,xcsx,Small
1280,351,8,8,3/25/2013,prps,Medium
1281,551,2,19,1/4/2013,zoli,Medium
1282,521,1,14,1/24/2015,ymip,Large
1283,914,3,10,7/20/2005,seig,Small
1284,111,8,17,4/9/2017,xpyh,Small
1285,65,3,6,10/19/2012,bzfd,Large
1286,149,6,10,8/12/2016,naxb,Medium
1287,895,9,3,8/27/2006,acpe,Medium
1288,518,3,1,2/10/2013,adjv,Small
1289,260,2,13,6/29/2011,ybjg,Large
1290,543,2,2,11/7/2018,etor,Small
1291,607,1,9,3/1/2010,mhih,Large
1292,688,5,15,1/7/2018,ufmi,Small
1293,939,3,17,5/10/2007,qxuj,Small
1294,700,6,17,11/16/2011,fino,Large
1295,10,3,14,9/30/2007,qmqj,Small
1296,152,4,4,11/22/2005,aohr,Small
1297,960,4,4,6/19/2009,qnme,Small
1298,430,2,13,8/14/2014,yppt,Large
1299,589,8,18,8/24/2006,ykcm,Medium
1300,561,8,6,3/9/2017,maxr,Large
1301,625,5,2,10/18/2011,kcxu,Large
1302,969,1,17,4/10/2017,lfne,Small
1303,113,9,14,4/29/2011,iegf,Large
1304,880,2,8,12/9/2014,ajsp,Medium
1305,794,7,5,7/13/2012,mlao,Small
1306,787,7,19,4/28/2008,ygqi,Small
1307,241,2,18,11/10/2010,juhn,Large
1308,466,2,8,2/17/2005,ogrw,Medium
1309,987,7,3,6/10/2014,fovo,Small
1310,362,4,14,4/20/2007,zxkk,Large
1311,313,2,19,2/9/2006,xebl,Large
1312,358,8,3,3/5/2012,urpy,Large
1313,118,1,13,11/13/2014,ynoj,Medium
1314,472,3,16,7/12/2017,muhy,Medium
1315,835,4,7,12/2/2011,wwys,Large
1316,493,8,2,11/7/2012,xmkj,Large
1317,749,7,4,12/17/2010,zjdr,Large
1318,569,3,13,8/18/2012,fqnu,Medium
1319,231,5,16,8/7/2007,olsr,Large
1320,776,5,19,10/13/2006,ljmx,Medium
1321,947,1,2,4/21/2016,ieks,Large
1322,896,5,7,8/15/2005,ufjo,Large
1323,793,3,11,9/18/2007,bdhj,Medium
1324,233,9,7,1/24/2011,ixix,Large
1325,379,4,15,6/14/2010,bhfd,Medium
1326,405,5,17,7/29/2009,elcl,Large
1327,904,2,19,10/25/2018,hqxn,Large
1328,852,3,17,2/6/2018,soai,Large
1329,768,8,10,8/17/2017,izes,Medium
1330,942,3,11,3/11/2008,evtm,Small
1331,955,9,3,9/5/2016,wdcv,Medium
1332,82,9,19,9/5/2007,ilka,Large
1333,162,4,5,8/16/2015,ylee,Large
1334,477,1,10,9/16/2014,paha,Medium
1335,256,4,4,12/14/2017,wfpo,Large
1336,765,2,8,9/23/2015,oyuv,Medium
1337,340,7,1,6/22/2006,jcms,Small
1338,43,6,14,12/3/2011,vfsx,Small
1339,467,8,3,8/1/2016,gnhk,Large
1340,901,3,4,11/19/2014,jbyk,Small
1341,165,1,15,6/4/2017,aqep,Large
1342,370,9,9,5/28/2016,hvmg,Small
1343,254,1,15,5/6/2016,oipa,Small
1344,989,5,2,6/11/2010,zhba,Small
1345,576,9,5,2/8/2017,liyk,Medium
1346,645,1,1,9/29/2013,dzwo,Large
1347,778,2,7,7/2/2013,npfb,Medium
1348,636,1,10,4/6/2015,eemw,Medium
1349,616,2,3,2/25/2007,vrrd,Small
1350,669,1,19,12/5/2007,jzco,Small
1351,854,6,3,11/8/2015,vapt,Medium
1352,799,1,9,11/16/2006,oajv,Small
1353,250,9,11,8/12/2017,hbyo,Large
1354,180,2,6,5/2/2018,qqfx,Medium
1355,642,3,14,7/7/2012,qavy,Medium
1356,160,8,5,5/4/2018,joyz,Large
1357,626,4,4,11/17/2009,qbzu,Medium
1358,623,9,12,2/2/2011,mgla,Medium
1359,458,3,13,10/30/2010,xezp,Large
1360,577,2,2,2/18/2007,hsjk,Medium
1361,504,5,7,4/12/2005,bdga,Medium
1362,109,5,12,1/3/2009,ddkh,Medium
1363,301,2,3,5/24/2009,yzuf,Small
1364,625,7,1,2/21/2005,tqtn,Medium
1365,447,4,6,12/10/2008,lgzt,Large
1366,469,5,8,4/6/2012,uorm,Medium
1367,854,3,14,11/20/2006,qxcx,Medium
1368,345,9,7,10/21/2005,vvhy,Large
1369,709,9,10,7/13/2013,ukei,Large
1370,678,8,6,9/20/2007,alhr,Small
1371,835,7,17,9/27/2011,skao,Medium
1372,863,9,7,4/27/2005,ammp,Large
1373,788,4,4,5/12/2008,jrfp,Small
1374,321,3,1,4/15/2012,afgq,Large
1375,997,1,16,4/12/2017,hbbj,Large
1376,895,6,11,9/6/2008,ceby,Small
1377,842,8,12,10/1/2005,jfjy,Medium
1378,221,5,4,5/29/2012,dyzp,Large
1379,492,2,5,11/18/2009,ragn,Large
1380,69,8,2,8/8/2013,jchf,Large
1381,372,4,16,1/30/2014,ljpl,Small
1382,857,6,1,5/16/2010,gkgk,Large
1383,330,9,18,9/25/2005,ruhf,Small
1384,590,9,2,9/21/2008,tthw,Medium
1385,919,2,14,12/12/2008,udvm,Medium
1386,991,9,11,1/12/2008,fnii,Large
1387,799,3,9,2/3/2012,svxu,Large
1388,602,7,5,11/30/2018,urso,Medium
1389,917,9,1,3/13/2014,nsep,Small
1390,620,7,7,5/29/2010,rxrk,Large
1391,575,2,18,12/13/2014,sevy,Medium
1392,570,7,9,11/9/2015,yrqo,Medium
1393,185,8,12,2/1/2008,xutr,Medium
1394,579,8,19,6/29/2009,blhu,Small
1395,41,9,1,7/23/2013,nsex,Medium
1396,531,1,5,9/17/2018,bhva,Large
1397,158,4,18,10/17/2005,rcsx,Medium
1398,454,7,16,1/22/2007,nuqk,Medium
1399,35,8,1,10/20/2012,hqmh,Large
1400,873,5,19,8/20/2018,yims,Small
1401,906,4,11,8/16/2006,xxkx,Small
1402,19,2,10,11/16/2012,agop,Large
1403,937,5,18,10/21/2013,zhgw,Large
1404,725,5,18,5/13/2005,rjvt,Large
1405,220,8,6,7/7/2008,zgtk,Large
1406,964,3,5,9/20/2016,djxs,Medium
1407,185,7,19,8/29/2013,hdlb,Large
1408,6,5,3,3/22/2005,txru,Medium
1409,425,3,16,2/5/2007,hwuq,Medium
1410,489,2,19,2/14/2017,suny,Medium
1411,176,9,15,4/27/2010,pnnh,Large
1412,650,8,1,12/27/2014,fgrt,Large
1413,980,1,3,1/16/2014,lwqm,Medium
1414,700,6,2,3/17/2016,cvfm,Large
1415,908,4,11,4/19/2006,xdjl,Medium
1416,63,6,6,9/13/2012,fljs,Large
1417,124,4,16,8/1/2012,pxew,Medium
1418,317,1,7,1/15/2008,uewa,Large
1419,319,7,14,1/19/2012,byvt,Medium
1420,79,3,17,6/30/2010,suzc,Large
1421,178,7,10,12/16/2008,ujhs,Medium
1422,345,3,11,1/6/2005,qbcq,Large
1423,316,5,9,11/20/2008,psno,Medium
1424,789,6,14,6/24/2007,dpoq,Small
1425,394,4,12,5/20/2014,xsqt,Medium
1426,687,8,5,12/27/2010,xegt,Small
1427,643,4,16,3/21/2017,xyou,Large
1428,824,7,1,1/22/2014,wgme,Medium
1429,415,7,16,8/30/2018,myts,Small
1430,549,3,7,12/18/2006,xvjb,Large
1431,236,5,3,1/29/2018,ydup,Small
1432,200,9,14,3/26/2005,mzoa,Small
1433,155,6,9,8/23/2018,ktvr,Small
1434,512,4,13,10/2/2014,wcki,Large
1435,359,8,5,4/22/2008,jajq,Large
1436,113,9,5,6/11/2015,ryzb,Large
1437,24,7,3,8/14/2018,ovxx,Medium
1438,19,3,19,11/15/2009,ldtk,Large
1439,553,8,16,6/11/2010,qfyb,Small
1440,913,1,10,4/7/2006,avbd,Large
1441,105,1,18,1/21/2009,dhqg,Medium
1442,3,1,6,3/19/2006,lktn,Large
1443,264,6,19,2/9/2006,srsl,Large
1444,707,3,9,10/2/2015,kbnk,Small
1445,480,7,2,3/3/2014,iijl,Medium
1446,719,8,12,3/22/2018,wzke,Large
1447,840,1,1,9/11/2013,ulwp,Large
1448,811,4,18,9/11/2009,yqak,Medium
1449,635,5,19,10/17/2018,mopi,Large
1450,346,3,11,10/9/2013,lfqz,Small
1451,124,1,3,8/18/2014,mhxb,Large
1452,907,4,4,11/2/2006,eqnb,Small
1453,825,1,14,6/9/2012,klmn,Large
1454,890,6,5,4/13/2018,sdkf,Small
1455,772,7,14,3/15/2014,qhoh,Small
1456,493,6,4,6/24/2014,lqmp,Large
1457,272,5,2,4/5/2013,zfht,Medium
1458,278,2,11,1/27/2008,aoyc,Medium
1459,813,3,2,6/12/2009,mwun,Large
1460,828,1,4,11/15/2008,qwtw,Small
1461,868,9,10,3/11/2010,ezfh,Large
1462,983,5,11,9/7/2011,xiqc,Small
1463,337,3,7,11/1/2013,hfah,Large
1464,646,4,14,5/16/2009,czbi,Large
1465,665,8,12,8/5/2016,gjyq,Small
1466,570,1,3,7/26/2016,ppud,Medium
1467,847,5,10,4/27/2009,vynf,Large
1468,124,6,17,9/6/2010,iqcs,Medium
1469,925,1,14,6/14/2010,sxic,Medium
1470,202,1,5,11/3/2013,dfvu,Large
1471,615,8,1,10/15/2009,ymes,Medium
1472,213,5,5,7/13/2009,rjam,Large
1473,172,9,8,7/22/2006,lfph,Small
1474,905,5,6,6/12/2014,kjuj,Small
1475,755,8,15,2/5/2009,ksnp,Medium
1476,255,8,5,11/24/2014,unhb,Large
1477,940,1,15,5/5/2014,xejx,Medium
1478,714,7,17,11/10/2017,wdeg,Large
1479,91,9,4,1/22/2008,rbys,Large
1480,710,9,13,6/3/2007,zyjq,Small
1481,407,2,11,8/10/2017,vnjo,Small
1482,283,2,14,7/21/2011,fxfp,Medium
1483,389,5,15,3/3/2010,acxy,Large
1484,843,8,8,12/13/2005,cxee,Medium
1485,158,1,19,5/11/2018,vckx,Medium
1486,79,5,12,3/20/2011,lnmz,Large
1487,333,3,19,9/15/2016,zkdo,Small
1488,501,1,14,11/15/2016,dyys,Small
1489,2,3,10,1/21/2017,dymu,Large
1490,450,9,18,5/29/2016,jdon,Large
1491,599,8,8,8/23/2015,uwpn,Small
1492,157,4,8,5/16/2011,hsna,Small
1493,709,5,2,9/29/2016,ausr,Medium
1494,121,4,13,6/4/2012,nbvk,Medium
1495,500,4,14,11/28/2014,htee,Large
1496,228,1,3,4/23/2009,opld,Medium
1497,938,8,2,6/3/2016,xjzi,Medium
1498,21,7,1,7/16/2007,kfhb,Medium
1499,722,6,2,2/29/2012,kahr,Large
1500,251,1,17,11/14/2018,fmcm,Small
1501,759,5,17,4/5/2014,ifdh,Medium
1502,123,7,12,11/10/2005,yhzu,Medium
1503,138,9,5,7/23/2008,dgay,Large
1504,658,9,9,9/25/2006,mdmu,Medium
1505,245,4,13,3/26/2014,huod,Small
1506,973,2,17,8/5/2017,jrhu,Large
1507,432,8,6,10/22/2010,njuo,Small
1508,169,2,2,12/23/2005,osgi,Medium
1509,538,8,10,8/3/2013,ekji,Medium
1510,517,2,19,9/2/2018,uqgf,Large
1511,991,1,2,9/1/2018,buns,Large
1512,52,7,3,6/1/2011,kdxw,Medium
1513,483,4,17,9/4/2007,wnvj,Large
1514,102,2,17,12/20/2010,xpee,Large
1515,644,1,14,7/23/2013,mqqx,Small
1516,462,3,14,12/9/2009,yund,Medium
1517,299,8,12,2/24/2008,aqmm,Large
1518,803,8,13,12/1/2006,nsun,Medium
1519,789,5,8,4/14/2008,lvxz,Large
1520,981,3,11,11/3/2017,ucoo,Medium
1521,422,7,3,9/17/2018,rqez,Large
1522,618,7,1,10/15/2018,lwnz,Medium
1523,541,5,16,9/28/2017,iuhi,Medium
1524,31,4,14,5/3/2013,vjwn,Small
1525,384,2,7,8/6/2011,fbvl,Small
1526,723,3,17,6/22/2006,xudr,Medium
1527,127,2,16,7/29/2012,ikfi,Medium
1528,874,7,5,4/17/2005,kgra,Medium
1529,310,7,16,8/5/2005,chsr,Small
1530,677,7,3,8/15/2012,tmmd,Medium
1531,207,5,12,7/10/2005,xquj,Medium
1532,608,6,2,12/3/2007,pblb,Large
1533,873,7,12,6/28/2016,qrjn,Small
1534,977,6,1,6/11/2012,nazf,Medium
1535,312,6,18,6/18/2009,ijhh,Large
1536,715,9,1,3/18/2010,aszf,Large
1537,322,4,17,10/8/2018,ggrv,Small
1538,75,1,12,7/1/2017,cgty,Large
1539,616,3,7,10/20/2007,aygm,Medium
1540,326,9,10,1/30/2013,oxft,Medium
1541,419,1,12,8/1/2017,xszy,Medium
1542,953,7,8,8/27/2012,cnmx,Large
1543,556,6,18,3/18/2008,ivhh,Medium
1544,12,3,9,2/21/2008,nalu,Small
1545,235,2,14,9/15/2010,qrtv,Large
1546,820,5,2,12/23/2013,acqe,Large
1547,816,5,15,10/28/2014,tjua,Medium
1548,553,6,17,12/1/2010,zvkk,Small
1549,191,5,9,10/12/2009,orvz,Large
1550,797,7,1,2/3/2009,ghmr,Small
1551,809,7,10,11/14/2016,irus,Large
1552,738,6,15,12/19/2007,vhyv,Small
1553,870,1,4,9/29/2012,haua,Large
1554,542,1,12,12/19/2015,gnpx,Medium
1555,881,5,11,1/11/2008,tism,Medium
1556,42,6,12,11/16/2012,rwbc,Medium
1557,181,9,2,4/1/2007,ikwv,Large
1558,593,2,7,7/20/2006,rmor,Large
1559,707,8,2,5/12/2006,nggb,Small
1560,394,4,7,10/14/2008,wgdw,Large
1561,242,1,14,11/17/2008,wqyo,Medium
1562,691,1,15,2/3/2008,duzr,Small
1563,698,8,7,4/27/2015,uzky,Medium
1564,922,6,7,12/20/2018,keaq,Medium
1565,775,2,6,3/23/2016,tsao,Small
1566,652,2,10,4/26/2016,mfov,Large
1567,445,2,2,8/1/2016,lcxe,Medium
1568,499,4,14,12/14/2012,jofn,Medium
1569,862,3,12,4/2/2012,dnpb,Small
1570,495,7,6,10/8/2017,rriu,Small
1571,249,2,14,1/14/2010,efgd,Medium
1572,624,1,7,6/24/2017,hwhv,Large
1573,806,7,9,4/4/2010,dnpf,Large
1574,848,6,18,9/9/2013,gngx,Medium
1575,599,1,16,10/28/2012,kmjf,Medium
1576,788,9,8,8/17/2013,mnlw,Small
1577,27,9,17,3/20/2017,pgec,Medium
1578,469,9,13,4/4/2007,mgdz,Large
1579,641,9,11,12/30/2011,ojeh,Small
1580,193,3,10,7/24/2007,bovv,Small
1581,509,8,16,2/6/2012,cpex,Medium
1582,357,6,19,8/2/2012,yssm,Small
1583,259,1,13,12/3/2016,wkfd,Small
1584,363,4,1,10/18/2013,aocy,Small
1585,953,5,1,6/15/2007,dusk,Large
1586,285,1,13,7/2/2006,cirx,Medium
1587,866,9,15,11/14/2007,xred,Small
1588,747,6,5,10/6/2008,hodq,Large
1589,453,6,18,3/27/2016,ahls,Small
1590,904,2,16,8/6/2016,xbsx,Small
1591,768,4,10,12/14/2011,hfkw,Medium
1592,297,8,6,2/26/2017,dgmx,Large
1593,702,6,9,1/22/2016,xvvq,Medium
1594,391,4,17,6/14/2005,gguw,Medium
1595,309,7,2,5/18/2011,tkez,Medium
1596,921,4,2,3/19/2015,avbi,Large
1597,225,1,15,3/2/2013,syzz,Medium
1598,111,1,18,10/29/2006,ixya,Large
1599,984,9,6,11/9/2005,xzgm,Medium
1600,288,6,6,10/30/2012,zttc,Medium
1601,220,2,8,6/5/2013,acnq,Medium
1602,232,5,6,1/17/2016,xucn,Large
1603,459,9,11,7/21/2012,whya,Large
1604,661,8,15,9/5/2017,vjyn,Small
1605,731,2,19,8/30/2016,dgkd,Large
1606,885,2,5,2/5/2014,qday,Large
1607,431,4,1,7/30/2017,oldp,Small
1608,327,2,18,11/17/2018,ighc,Small
1609,960,6,8,7/15/2014,jlew,Medium
1610,361,8,1,5/19/2008,mwph,Small
1611,439,8,1,12/26/2005,pwrj,Large
1612,782,6,12,7/15/2014,uxru,Large
1613,523,1,12,3/15/2016,ancp,Medium
1614,648,2,19,4/22/2018,kfas,Large
1615,644,9,18,8/30/2015,tsjf,Medium
1616,520,1,18,12/18/2006,nwog,Medium
1617,257,7,19,5/26/2006,giew,Large
1618,730,8,5,9/16/2017,ldzq,Large
1619,396,7,3,10/22/2009,qwdd,Medium
1620,375,6,16,11/26/2018,cdxl,Medium
1621,486,5,4,7/2/2011,ldpp,Large
1622,554,1,15,8/27/2013,sdbj,Medium
1623,313,2,16,4/20/2018,iyra,Small
1624,174,1,17,4/7/2006,rknc,Small
1625,437,2,10,12/8/2013,qwzq,Large
1626,387,7,2,11/15/2010,blzb,Medium
1627,734,2,14,2/3/2010,hbon,Medium
1628,757,1,13,10/26/2014,qkzt,Large
1629,653,5,6,4/27/2007,htve,Large
1630,923,1,9,9/15/2013,oavm,Large
1631,477,2,1,2/8/2014,kfsm,Medium
1632,602,9,19,2/25/2012,kdju,Large
1633,59,8,11,11/19/2009,zoez,Large
1634,488,5,17,1/26/2016,flmb,Small
1635,457,6,9,4/25/2007,kmja,Small
1636,723,2,13,5/12/2010,gscn,Medium
1637,772,4,19,1/3/2017,yimx,Medium
1638,477,7,5,11/26/2009,kzwc,Small
1639,515,7,12,10/2/2006,iild,Large
1640,922,7,5,5/29/2008,exez,Small
1641,442,4,18,1/13/2016,clla,Large
1642,810,5,9,4/7/2011,yknf,Medium
1643,499,8,11,6/4/2008,tblo,Large
1644,726,9,12,2/21/2009,uyml,Small
1645,235,2,4,11/25/2015,gfua,Small
1646,752,1,9,2/5/2015,wgva,Large
1647,842,4,6,2/7/2005,nior,Medium
1648,103,4,2,10/28/2008,qlyz,Large
1649,152,3,2,4/11/2016,nqzg,Medium
1650,147,6,8,5/15/2018,mfel,Large
1651,37,4,6,1/15/2014,sbfg,Medium
1652,199,3,19,2/8/2013,twhp,Small
1653,502,9,3,10/19/2018,vaei,Large
1654,156,4,11,9/23/2016,mrrd,Large
1655,211,8,2,2/17/2013,bthj,Small
1656,586,5,1,2/29/2016,crpl,Medium
1657,850,7,7,9/3/2005,pbsy,Medium
1658,999,6,16,6/4/2006,xwls,Medium
1659,775,7,12,3/21/2006,ahmq,Medium
1660,66,2,4,1/13/2007,hjtc,Large
1661,141,4,13,9/16/2012,utdi,Small
1662,853,4,3,5/30/2010,yfbn,Small
1663,435,4,1,10/26/2016,plrc,Medium
1664,930,4,19,3/23/2012,leke,Small
1665,433,4,15,6/1/2017,nedg,Medium
1666,212,6,10,2/27/2006,hvpz,Medium
1667,527,4,17,10/16/2012,ixgt,Large
1668,558,1,5,12/12/2007,lgqw,Large
1669,917,7,5,5/16/2005,gbzi,Small
1670,79,1,2,2/24/2014,zodq,Medium
1671,517,1,11,1/14/2014,xpcw,Medium
1672,97,3,3,5/3/2009,laat,Small
1673,134,5,1,12/12/2014,ktqk,Medium
1674,438,3,3,4/22/2011,nbfb,Medium
1675,593,2,15,6/21/2018,mrmh,Large
1676,517,2,8,10/17/2009,bgyb,Large
1677,79,3,5,12/17/2014,rkvl,Large
1678,877,5,16,10/10/2008,igni,Medium
1679,292,3,5,5/29/2007,appp,Small
1680,689,3,11,1/9/2014,luus,Small
1681,738,9,1,8/29/2016,jjro,Large
1682,948,6,14,9/26/2014,bhlx,Small
1683,49,4,17,2/15/2010,ykck,Small
1684,706,3,14,8/19/2009,bbdc,Large
1685,829,4,17,7/21/2017,udec,Medium
1686,584,5,5,4/19/2017,aczw,Large
1687,464,4,16,1/20/2016,fmwv,Small
1688,513,8,15,12/25/2011,uskg,Medium
1689,366,5,7,8/25/2012,btpm,Small
1690,353,9,2,2/5/2018,zxwn,Medium
1691,561,6,7,9/2/2009,ievd,Medium
1692,354,6,4,1/27/2012,zdta,Medium
1693,39,4,15,8/12/2015,fxgn,Small
1694,167,9,17,9/22/2008,tipa,Small
1695,397,5,5,9/29/2013,wpou,Medium
1696,567,5,11,5/5/2017,ddmr,Medium
1697,19,9,5,2/2/2007,fbbg,Small
1698,39,6,12,10/8/2007,hawa,Small
1699,572,3,13,7/30/2016,kwkh,Medium
1700,394,8,16,11/2/2005,ntft,Large
1701,549,1,12,1/10/2012,vhug,Large
1702,919,1,13,3/14/2015,yewd,Small
1703,50,3,5,11/24/2016,tbjo,Small
1704,596,2,14,9/24/2016,pyek,Large
1705,634,5,16,2/21/2010,pcyh,Large
1706,356,4,7,7/1/2011,arsw,Large
1707,666,9,1,3/16/2006,mlzm,Medium
1708,538,8,8,6/11/2010,wuhp,Large
1709,799,4,1,2/2/2015,migu,Medium
1710,717,7,15,7/26/2012,tmpp,Medium
1711,527,3,9,8/30/2006,huba,Medium
1712,36,5,4,9/14/2018,tygj,Small
1713,211,3,4,5/1/2012,rjwa,Large
1714,761,9,6,12/10/2012,uvlt,Large
1715,698,6,7,6/30/2016,uplo,Medium
1716,504,7,6,2/2/2011,zgoa,Medium
1717,227,4,17,11/25/2016,ucat,Large
1718,235,9,9,10/14/2015,hvss,Small
1719,497,1,11,11/8/2011,axao,Medium
1720,792,1,12,3/8/2016,wpnw,Large
1721,746,4,1,2/25/2013,fgnk,Medium
1722,740,1,12,10/3/2018,lljd,Medium
1723,605,8,17,8/10/2010,rjwq,Large
1724,64,8,7,12/7/2015,bqno,Medium
1725,662,8,9,8/30/2017,ekhj,Small
1726,355,2,8,11/17/2017,yamk,Large
1727,50,4,16,12/20/2014,plqi,Large
1728,501,5,3,8/12/2011,bsva,Large
1729,704,4,4,5/6/2010,itwb,Medium
1730,474,5,7,12/1/2015,bywx,Medium
1731,941,5,3,5/4/2011,clbs,Small
1732,738,3,1,5/7/2006,ihjs,Medium
1733,130,7,6,9/7/2012,sfqr,Medium
1734,647,5,6,10/4/2015,mgae,Medium
1735,588,7,16,1/3/2006,aoyj,Large
1736,222,4,15,7/16/2016,yiow,Small
1737,834,5,17,1/8/2009,xkkb,Medium
1738,828,4,2,10/9/2014,erlm,Medium
1739,184,3,3,9/28/2016,hqyg,Small
1740,908,9,18,10/14/2007,qsbx,Medium
1741,696,2,14,2/26/2015,ulkq,Small
1742,392,8,14,9/20/2009,atxk,Medium
1743,256,6,9,5/19/2014,mabf,Large
1744,793,5,12,5/23/2012,kuso,Medium
1745,917,8,2,1/7/2017,tlrq,Medium
1746,81,4,2,10/27/2005,qapy,Small
1747,544,6,14,11/3/2012,hwsq,Medium
1748,646,3,5,2/23/2016,cnjz,Large
1749,38,2,18,11/25/2013,uqnl,Small
1750,393,9,15,7/20/2007,bmdw,Small
1751,339,6,14,6/3/2011,xayf,Medium
1752,238,6,13,12/12/2018,zxsu,Large
1753,701,6,13,6/19/2018,lgoi,Small
1754,42,7,12,2/27/2017,qmwa,Medium
1755,401,3,6,2/4/2005,izwc,Small
1756,776,8,18,12/29/2008,lane,Large
1757,53,4,8,8/17/2013,nnvf,Medium
1758,29,5,15,3/18/2015,ehdj,Medium
1759,234,4,17,11/1/2011,zvcq,Small
1760,935,5,19,10/18/2009,yzfb,Medium
1761,765,3,14,11/22/2018,cbai,Large
1762,428,3,13,5/24/2015,oqbp,Small
1763,3,2,8,1/6/2015,bgnv,Large
1764,604,6,11,10/17/2007,badw,Large
1765,261,9,12,12/14/2018,slhx,Large
1766,435,9,16,3/20/2016,jjzx,Large
1767,693,8,6,12/28/2017,ptpp,Large
1768,971,1,8,7/8/2011,fpri,Large
1769,880,5,6,6/8/2017,pusc,Medium
1770,671,4,15,9/9/2017,txgd,Medium
1771,906,7,12,11/9/2015,cypt,Small
1772,908,5,7,1/4/2011,mngi,Medium
1773,695,4,12,11/23/2016,jybn,Medium
1774,402,6,18,7/25/2014,stcl,Large
1775,675,2,13,9/26/2011,xonx,Medium
1776,91,3,15,1/13/2017,urgx,Large
1777,872,5,11,12/17/2009,ecef,Medium
1778,729,6,13,8/2/2016,ziug,Medium
1779,815,8,6,12/1/2015,tmjx,Small
1780,66,6,7,1/10/2014,efbn,Medium
1781,40,1,5,4/12/2015,mxqj,Medium
1782,334,5,19,1/20/2014,jmrk,Medium
1783,475,4,4,6/19/2017,kckj,Large
1784,65,2,8,5/4/2015,omil,Small
1785,570,2,4,6/3/2015,iwnc,Medium
1786,664,2,4,4/5/2009,uuny,Large
1787,37,8,10,3/11/2007,lyrd,Medium
1788,388,2,3,12/25/2007,nrfc,Large
1789,582,4,10,2/7/2010,fwmb,Medium
1790,844,3,10,4/13/2007,gnou,Medium
1791,981,8,13,10/1/2013,ayxw,Small
1792,292,8,9,10/6/2008,jbtt,Small
1793,112,8,3,10/17/2017,bdff,Large
1794,66,3,13,2/22/2015,tpku,Large
1795,64,7,1,12/23/2013,rfdh,Medium
1796,759,4,2,6/30/2012,fkvn,Large
1797,881,7,7,3/18/2009,nixq,Large
1798,350,2,16,10/14/2016,jupd,Small
1799,39,3,1,9/25/2008,ssve,Large
1800,597,2,8,4/16/2016,rthe,Small
1801,926,7,5,9/6/2011,ekcg,Small
1802,76,4,11,5/26/2018,lpbd,Small
1803,651,7,16,6/2/2017,lshl,Large
1804,489,5,2,11/16/2010,nvsv,Large
1805,425,6,9,9/5/2012,wzck,Medium
1806,132,9,16,8/18/2009,jget,Small
1807,492,2,13,12/29/2012,kfaa,Large
1808,394,4,10,6/4/2016,plni,Small
1809,264,1,16,3/2/2015,zfnu,Large
1810,23,3,17,11/10/2014,tfcc,Large
1811,53,1,16,5/14/2007,rxoi,Large
1812,686,3,5,1/13/2008,ezcq,Small
1813,161,1,6,7/18/2012,lvrj,Medium
1814,870,4,5,6/22/2010,guvm,Small
1815,10,4,5,1/20/2012,olys,Large
1816,737,3,13,1/28/2016,xubv,Large
1817,47,9,12,11/2/2010,wfms,Small
1818,35,2,12,1/26/2009,gsli,Small
1819,813,5,11,3/1/2010,iaqc,Medium
1820,392,3,7,4/5/2007,kunn,Small
1821,789,8,5,3/2/2013,doxl,Large
1822,492,8,6,8/30/2017,vtpx,Large
1823,365,7,12,4/19/2012,xmji,Medium
1824,689,2,5,7/29/2010,umno,Small
1825,385,6,18,10/11/2014,zqto,Large
1826,244,1,18,9/12/2015,pezt,Small
1827,998,4,2,9/23/2018,ojax,Large
1828,858,8,9,7/15/2016,snau,Large
1829,733,1,6,3/8/2014,mnil,Large
1830,593,7,1,8/27/2011,cioz,Large
1831,977,9,16,11/28/2006,elqr,Medium
1832,759,6,9,7/20/2011,hctv,Large
1833,460,1,6,4/23/2012,mijq,Large
1834,170,9,5,4/13/2018,hdzr,Medium
1835,108,9,5,9/3/2007,mrms,Medium
1836,139,3,10,2/22/2012,tdbo,Small
1837,811,1,14,1/27/2011,npcu,Medium
1838,396,8,16,9/2/2008,ptav,Small
1839,299,9,17,7/18/2017,wjyd,Small
1840,315,5,11,11/28/2005,nxvo,Medium
1841,807,5,14,4/15/2005,ceyl,Small
1842,649,8,18,9/12/2008,tqdk,Large
1843,298,6,10,1/27/2005,dpsv,Large
1844,63,4,11,2/20/2008,xhju,Large
1845,967,4,5,6/29/2012,pdke,Medium
1846,69,1,5,1/6/2010,nari,Small
1847,360,9,15,2/19/2014,mwsz,Small
1848,292,3,10,12/3/2016,rbxs,Large
1849,841,8,17,3/2/2007,leji,Small
1850,881,8,17,2/15/2015,xeql,Medium
1851,247,2,19,9/10/2011,shoy,Small
1852,53,5,9,8/14/2006,lqzx,Small
1853,272,7,8,8/30/2005,xxan,Small
1854,792,1,8,8/23/2018,ymmy,Small
1855,187,8,13,5/8/2016,pgln,Small
1856,342,9,11,12/19/2014,gzfu,Small
1857,424,5,15,3/18/2013,gjda,Medium
1858,81,3,10,8/2/2007,hoic,Small
1859,795,7,17,4/9/2009,jqyr,Large
1860,992,5,13,5/12/2008,iork,Small
1861,732,9,12,8/23/2012,knrt,Small
1862,71,8,14,3/1/2017,bsxf,Medium
1863,969,3,17,1/9/2010,ppqp,Large
1864,361,2,3,11/23/2009,vehj,Large
1865,962,2,16,1/14/2007,yjuc,Small
1866,480,8,16,11/17/2011,swvc,Large
1867,524,3,15,6/21/2016,nvok,Small
1868,146,5,17,8/18/2005,fsku,Large
1869,561,6,4,4/30/2012,qusa,Medium
1870,137,4,6,8/29/2008,lgfv,Large
1871,253,8,15,5/8/2008,yqdw,Large
1872,30,2,4,5/26/2011,rrqr,Large
1873,725,9,4,2/1/2009,nict,Large
1874,640,4,8,7/29/2018,reaf,Medium
1875,122,1,17,10/6/2018,ljru,Small
1876,527,7,2,3/17/2011,nfje,Medium
1877,854,4,1,3/29/2012,salq,Medium
1878,37,7,9,10/18/2016,hihg,Small
1879,972,4,17,4/22/2009,yfrl,Large
1880,981,7,15,7/27/2011,gscr,Small
1881,786,9,6,6/6/2008,apck,Medium
1882,250,5,2,12/20/2009,knfs,Large
1883,174,5,1,8/7/2006,mxvr,Medium
1884,384,8,18,12/1/2018,spog,Large
1885,154,8,7,3/7/2011,mvlw,Large
1886,166,1,5,11/18/2011,vcqj,Small
1887,63,4,6,1/6/2010,pivg,Large
1888,757,3,6,5/27/2014,wfxb,Large
1889,809,7,14,9/6/2012,ppyy,Large
1890,404,2,7,5/10/2010,nwgh,Large
1891,401,2,4,12/11/2017,koma,Medium
1892,569,3,2,5/3/2015,yuqc,Medium
1893,486,9,8,6/11/2017,twlm,Medium
1894,197,6,4,10/9/2007,taxg,Large
1895,942,2,17,8/9/2015,jmgu,Medium
1896,522,2,8,9/10/2005,wilt,Small
1897,387,8,5,3/25/2005,zfja,Small
1898,244,8,1,9/29/2008,jvhh,Small
1899,546,8,13,7/12/2018,wtns,Large
1900,865,4,4,10/2/2012,tcul,Medium
1901,260,3,17,9/11/2005,yola,Medium
1902,500,2,16,11/17/2010,emsk,Small
1903,140,5,1,9/14/2011,xgdd,Large
1904,526,4,19,5/10/2017,qkge,Medium
1905,755,3,1,7/3/2007,vyny,Small
1906,988,7,18,4/30/2018,pqay,Large
1907,273,7,11,5/16/2014,qfwc,Medium
1908,874,1,18,9/2/2005,tnsl,Large
1909,425,6,10,4/5/2013,wilq,Medium
1910,244,5,10,9/2/2016,xdug,Small
1911,177,6,5,11/29/2013,jjoo,Large
1912,723,3,7,6/3/2007,nsyq,Large
1913,249,9,13,4/5/2018,dhnm,Small
1914,735,8,14,6/19/2012,aqqv,Medium
1915,149,7,15,12/12/2011,csyk,Small
1916,584,7,14,3/12/2012,fmjl,Small
1917,536,2,17,12/21/2013,tljg,Large
1918,242,5,4,11/5/2016,zxjl,Large
1919,929,7,18,1/4/2011,aeer,Medium
1920,915,1,6,9/13/2010,mhee,Large
1921,121,7,19,4/11/2017,xchy,Large
1922,289,6,17,9/28/2010,jffd,Small
1923,294,9,16,8/22/2011,hfqm,Small
1924,619,1,8,12/20/2015,lpns,Large
1925,582,5,9,9/26/2014,ceaf,Medium
1926,444,7,10,10/10/2009,rwvk,Medium
1927,403,5,7,9/10/2011,iaix,Small
1928,751,5,6,5/8/2008,dyoz,Large
1929,29,4,1,5/1/2008,oxjl,Medium
1930,232,8,1,1/20/2011,vizq,Small
1931,598,1,1,4/30/2005,ucia,Medium
1932,968,6,8,6/4/2012,uhme,Small
1933,976,3,11,10/5/2018,wwzq,Large
1934,883,5,11,9/21/2013,mmqc,Large
1935,72,9,10,11/5/2017,mblc,Medium
1936,721,6,4,12/14/2016,dyqf,Medium
1937,588,2,17,7/14/2009,ghac,Small
1938,947,9,18,2/2/2013,fexf,Small
1939,981,6,19,2/1/2009,icdo,Large
1940,518,3,17,8/20/2015,hckg,Medium
1941,619,5,12,1/5/2009,sast,Medium
1942,545,8,19,5/4/2006,vstx,Small
1943,735,1,1,12/26/2011,amkq,Medium
1944,150,4,9,3/23/2007,aprn,Medium
1945,818,3,7,9/20/2007,jurw,Small
1946,31,4,5,7/14/2018,nabh,Medium
1947,408,4,19,10/27/2013,xqig,Large
1948,135,7,11,4/21/2013,nprb,Medium
1949,658,2,16,9/1/2017,vzir,Medium
1950,254,6,16,6/13/2016,pjre,Small
1951,426,7,15,8/9/2018,xwtw,Large
1952,868,8,18,6/27/2012,ufhd,Large
1953,591,3,6,10/1/2005,zmav,Small
1954,95,4,10,1/9/2015,pifi,Large
1955,662,4,12,10/25/2018,anbw,Small
1956,992,1,16,6/26/2013,zssc,Large
1957,899,8,2,2/10/2008,rjom,Large
1958,694,3,11,2/23/2016,jiwp,Large
1959,754,7,18,1/25/2005,uuzb,Large
1960,669,9,2,11/29/2010,hjfz,Large
1961,41,5,6,6/22/2010,olfi,Small
1962,685,7,11,1/13/2018,tjuf,Medium
1963,457,8,19,11/3/2015,hqsw,Large
1964,766,5,12,1/7/2010,facj,Small
1965,864,4,17,12/27/2007,kqsg,Small
1966,178,2,8,5/20/2012,eujf,Medium
1967,547,4,4,9/7/2011,wbrs,Small
1968,156,4,10,4/2/2012,jndb,Large
1969,802,8,1,9/11/2011,ppqh,Large
1970,664,6,2,1/29/2012,madd,Small
1971,364,8,15,2/11/2014,jmlk,Large
1972,889,7,14,11/6/2014,jtoz,Small
1973,639,6,11,12/13/2014,ocer,Small
1974,763,2,14,7/10/2011,luse,Medium
1975,221,2,2,11/9/2015,skvj,Large
1976,35,5,4,1/29/2015,bsfs,Medium
1977,68,5,6,2/15/2016,molm,Large
1978,577,8,12,10/28/2007,hiny,Large
1979,272,3,9,10/19/2015,qkho,Large
1980,663,2,7,3/7/2006,fjlr,Small
1981,780,8,1,1/3/2015,zsgj,Large
1982,411,3,15,3/9/2011,vppm,Medium
1983,885,7,8,6/6/2014,ncsi,Small
1984,263,2,8,1/11/2017,idvj,Large
1985,118,2,19,7/17/2016,wtsk,Large
1986,577,1,1,11/16/2007,gmoa,Large
1987,352,4,14,7/24/2013,reat,Large
1988,307,8,10,3/16/2013,cnkj,Medium
1989,432,9,2,6/7/2016,odaf,Large
1990,122,1,15,11/15/2005,svtd,Large
1991,551,5,9,2/26/2012,wxvt,Large
1992,928,2,6,3/13/2018,afky,Small
1993,915,3,5,8/29/2011,cwck,Small
1994,974,3,13,9/23/2017,fihm,Small
1995,783,6,11,10/28/2017,jfcj,Small
1996,432,8,18,11/30/2006,fofe,Small
1997,721,3,10,2/25/2016,dlhb,Small
1998,980,2,1,7/7/2009,whha,Small
1999,451,2,16,10/23/2016,vali,Small
2000,669,4,10,6/9/2016,yrsb,Small
